frame_id,object_id,class,bbox_x1,bbox_y1,bbox_x2,bbox_y2,confidence,velocity_x,velocity_y
1,1,Car,529,298,565,325,0.830,0.00,0.00
1,2,Car,664,292,685,308,0.705,0.00,0.00
1,3,Car,504,291,519,303,0.588,0.00,0.00
1,4,Car,229,307,262,322,0.567,0.00,0.00
1,5,Car,783,308,816,320,0.544,0.00,0.00
1,6,Car,120,307,160,328,0.521,0.00,0.00
2,1,Car,529,299,565,326,0.800,0.00,0.00
2,2,Car,663,293,686,309,0.673,0.00,0.00
2,3,Car,504,291,520,303,0.586,0.00,0.00
2,4,Car,220,307,256,323,0.556,0.00,0.00
2,5,Car,787,308,816,321,0.511,0.00,0.00
2,6,Car,109,307,150,329,0.747,0.00,0.00
3,1,Car,529,299,565,326,0.790,0.00,0.00
3,2,Car,664,293,686,309,0.644,0.00,0.00
3,3,Car,504,291,520,303,0.584,0.00,0.00
3,4,Car,211,307,251,324,0.520,0.00,0.00
3,5,Car,791,308,817,320,0.310,0.00,0.00
3,6,Car,96,307,139,329,0.716,0.00,0.00
4,1,Car,529,299,565,326,0.800,0.00,0.00
4,2,Car,664,293,686,309,0.643,0.00,0.00
4,3,Car,504,292,519,303,0.563,0.00,0.00
4,4,Car,199,309,242,326,0.458,0.00,0.00
4,5,Car,781,308,817,320,0.433,0.00,0.00
4,6,Car,82,309,125,331,0.704,0.00,0.00
5,1,Car,529,299,565,326,0.802,0.00,0.00
5,2,Car,664,292,687,309,0.694,0.00,0.00
5,3,Car,504,292,519,303,0.556,0.00,0.00
5,4,Car,186,311,230,327,0.307,0.00,0.00
5,5,Car,781,308,818,320,0.475,0.00,0.00
5,6,Car,66,309,112,332,0.601,0.00,0.00
5,8,Car,366,293,384,306,0.366,0.00,0.00
6,1,Car,529,299,565,326,0.797,0.00,0.00
6,2,Car,664,292,687,309,0.681,0.00,0.00
6,3,Car,504,292,519,303,0.581,0.00,0.00
6,6,Car,49,310,97,334,0.490,0.00,0.00
6,8,Car,363,293,382,306,0.401,0.00,0.00
7,1,Car,529,298,565,325,0.794,0.00,0.00
7,2,Car,665,292,687,309,0.672,0.00,0.00
7,3,Car,504,291,519,303,0.547,0.00,0.00
7,6,Car,30,310,82,336,0.321,0.00,0.00
7,8,Car,361,293,380,306,0.429,0.00,0.00
7,5,Car,783,307,821,323,0.471,0.00,0.00
8,1,Car,529,297,565,324,0.820,0.00,0.00
8,2,Car,665,291,687,308,0.615,0.00,0.00
8,3,Car,504,290,519,302,0.504,0.00,0.00
8,6,Car,10,310,64,336,0.708,0.00,0.00
8,8,Car,359,293,378,304,0.471,0.00,0.00
8,5,Car,784,306,822,326,0.435,0.00,0.00
8,4,Car,141,310,193,329,0.536,0.00,0.00
9,1,Car,529,297,564,323,0.802,0.00,0.00
9,2,Car,665,290,687,307,0.654,0.00,0.00
9,3,Car,503,289,519,301,0.462,0.00,0.00
9,6,Car,0,310,46,336,0.491,0.00,0.00
9,8,Car,356,293,375,304,0.513,0.00,0.00
9,5,Car,784,306,822,328,0.655,0.00,0.00
9,4,Car,123,310,176,329,0.534,0.00,0.00
10,1,Car,529,296,564,323,0.825,-1.39,-6.08
10,2,Car,665,290,687,307,0.674,5.22,-5.36
10,3,Car,503,289,519,301,0.487,-1.39,-5.37
10,6,Car,0,310,25,337,0.547,-354.03,17.21
10,8,Car,353,293,373,305,0.585,0.00,0.00
10,5,Car,785,306,821,330,0.620,0.00,0.00
10,4,Car,104,310,161,330,0.703,0.00,0.00
11,1,Car,528,296,564,322,0.836,-2.29,-8.60
11,2,Car,665,290,687,306,0.639,5.06,-7.53
11,3,Car,503,289,518,301,0.495,-2.39,-7.12
11,8,Car,351,293,370,305,0.547,0.00,0.00
11,5,Car,785,305,823,329,0.627,12.13,7.77
11,4,Car,82,310,143,331,0.540,0.00,0.00
12,1,Car,528,296,564,322,0.846,-3.20,-9.45
12,2,Car,666,290,687,306,0.683,4.87,-8.46
12,3,Car,503,288,518,301,0.442,-3.64,-7.88
12,8,Car,348,292,368,305,0.478,0.00,0.00
12,5,Car,786,305,823,328,0.532,7.18,5.05
12,4,Car,59,310,125,332,0.662,-350.15,15.56
13,1,Car,528,296,563,322,0.848,-4.14,-10.42
13,2,Car,666,290,687,306,0.700,4.54,-8.86
13,3,Car,503,288,518,300,0.319,-4.21,-9.48
13,8,Car,344,293,365,305,0.546,0.00,0.00
13,5,Car,786,304,825,328,0.552,3.16,3.80
13,4,Car,30,311,104,335,0.551,-388.27,18.35
14,1,Car,528,296,563,322,0.848,-3.86,-8.72
14,2,Car,666,290,688,307,0.622,4.01,-6.82
14,3,Car,503,289,517,301,0.400,-4.46,-8.30
14,8,Car,342,293,363,306,0.568,-63.25,0.50
14,5,Car,786,304,825,328,0.443,16.07,5.53
14,4,Car,5,312,79,337,0.668,-428.61,19.22
15,1,Car,528,296,563,322,0.850,-4.57,-9.03
15,2,Car,666,290,688,306,0.654,4.40,-7.49
15,3,Car,502,288,517,301,0.376,-5.16,-8.53
15,8,Car,338,294,360,307,0.456,-65.61,1.23
15,5,Car,787,304,826,328,0.765,18.64,3.93
15,4,Car,0,313,51,338,0.583,-442.61,17.82
16,1,Car,528,296,563,322,0.840,-4.31,-8.64
16,2,Car,666,289,689,306,0.599,3.89,-6.82
16,3,Car,502,288,517,300,0.362,-5.60,-7.76
16,8,Car,335,294,357,307,0.478,-69.10,2.33
16,5,Car,788,303,827,327,0.709,15.22,1.25
17,1,Car,528,296,563,321,0.841,-4.20,-5.83
17,2,Car,664,289,689,306,0.584,0.57,-3.95
17,3,Car,502,288,517,300,0.307,-5.50,-3.83
17,8,Car,331,295,353,307,0.465,-72.06,5.03
17,5,Car,789,303,828,327,0.677,16.05,-3.68
18,1,Car,527,296,563,321,0.841,-4.06,-3.70
18,2,Car,663,289,689,307,0.598,-0.20,-2.09
18,3,Car,501,288,517,301,0.336,-5.83,-1.86
18,8,Car,328,295,350,307,0.560,-73.73,7.08
18,5,Car,797,303,829,326,0.577,28.96,-6.08
19,1,Car,527,295,563,320,0.836,-3.59,-4.76
19,2,Car,664,289,689,306,0.649,0.27,-3.23
19,8,Car,324,294,347,307,0.508,-76.83,5.69
19,5,Car,793,303,829,326,0.627,22.43,-9.11
20,1,Car,527,295,563,320,0.845,-3.77,-5.25
20,2,Car,665,289,688,305,0.668,0.67,-3.42
20,8,Car,320,294,344,307,0.538,-79.34,4.51
20,5,Car,791,302,830,325,0.710,17.82,-9.68
21,1,Car,527,294,562,319,0.833,-3.55,-6.85
21,2,Car,666,288,688,305,0.579,1.23,-4.48
21,8,Car,316,292,339,306,0.536,-85.28,0.67
21,5,Car,789,300,831,325,0.756,14.81,-10.94
21,3,Car,501,285,516,298,0.379,-5.48,-7.40
22,1,Car,527,293,562,319,0.837,-2.81,-7.55
22,2,Car,666,288,689,305,0.628,1.57,-4.40
22,8,Car,311,291,335,305,0.568,-87.37,-2.09
22,5,Car,789,300,832,324,0.822,14.33,-10.76
22,20,Car,207,296,234,316,0.683,0.00,0.00
22,3,Car,501,285,516,297,0.392,-5.40,-8.46
23,1,Car,527,293,562,319,0.836,-2.67,-7.86
23,2,Car,667,288,689,305,0.579,3.34,-3.76
23,8,Car,307,291,332,306,0.678,-90.80,-3.74
23,5,Car,792,300,832,325,0.813,18.52,-9.14
23,20,Car,196,296,227,317,0.614,0.00,0.00
23,3,Car,501,285,516,297,0.394,-4.64,-7.60
24,1,Car,527,293,562,319,0.837,-1.50,-7.42
24,2,Car,667,288,689,306,0.626,2.94,-2.47
24,8,Car,302,290,328,307,0.700,-93.92,-4.30
24,5,Car,796,300,833,326,0.786,22.15,-7.50
24,20,Car,182,296,217,318,0.760,0.00,0.00
24,3,Car,501,285,516,298,0.429,-4.08,-6.58
25,1,Car,527,294,562,319,0.840,-2.50,-5.40
25,2,Car,667,289,690,306,0.629,2.67,-0.74
25,8,Car,297,291,324,308,0.751,-97.82,-1.44
25,5,Car,801,300,834,326,0.601,27.77,-5.82
25,20,Car,168,297,207,319,0.821,0.00,0.00
25,3,Car,500,286,516,298,0.376,-4.31,-5.27
25,24,Car,119,292,169,320,0.524,0.00,0.00
26,1,Car,527,295,562,320,0.856,-1.82,-1.94
26,2,Car,667,290,691,307,0.555,8.23,2.15
26,8,Car,292,292,320,310,0.723,-100.79,0.85
26,5,Car,806,302,835,327,0.688,32.90,-1.80
26,20,Car,155,298,198,321,0.810,0.00,0.00
26,24,Car,96,293,152,323,0.626,0.00,0.00
27,1,Car,527,294,562,319,0.839,-1.16,-5.74
27,2,Car,667,289,691,306,0.670,7.15,-2.11
27,8,Car,286,292,316,310,0.672,-106.09,-0.23
27,5,Car,799,299,836,325,0.706,13.00,-7.41
27,20,Car,141,298,187,322,0.829,0.00,0.00
27,24,Car,71,292,132,324,0.532,0.00,0.00
28,1,Car,528,293,562,318,0.836,0.08,-6.30
28,2,Car,665,288,691,304,0.626,5.02,-3.36
28,8,Car,280,291,311,310,0.678,-109.96,-1.15
28,5,Car,797,298,837,324,0.713,16.42,-9.45
28,20,Car,128,298,175,322,0.822,0.00,0.00
28,24,Car,38,292,110,325,0.553,0.00,0.00
28,3,Car,501,285,516,297,0.361,-2.63,-5.96
29,1,Car,528,292,563,317,0.835,1.86,-8.40
29,2,Car,665,286,692,304,0.576,5.24,-5.68
29,8,Car,275,289,307,310,0.602,-114.45,-3.16
29,5,Car,796,297,838,322,0.624,17.91,-11.27
29,20,Car,113,297,163,323,0.816,0.00,0.00
29,24,Car,11,291,86,327,0.628,0.00,0.00
29,3,Car,500,285,516,297,0.353,-2.66,-7.26
30,1,Car,529,291,563,316,0.840,2.71,-7.10
30,2,Car,667,286,692,303,0.558,6.31,-4.39
30,8,Car,268,288,300,310,0.510,-120.03,-0.11
30,5,Car,796,296,836,321,0.796,17.10,-11.11
30,20,Car,97,297,149,324,0.815,0.00,0.00
30,24,Car,0,290,59,328,0.534,0.00,0.00
30,3,Car,501,284,516,297,0.386,-1.90,-7.64
31,1,Car,529,291,563,316,0.843,3.00,-6.76
31,2,Car,668,286,692,303,0.623,7.52,-4.40
31,8,Car,261,287,294,310,0.618,-125.60,1.32
31,5,Car,797,295,839,321,0.826,20.90,-10.99
31,20,Car,79,298,134,325,0.850,-315.95,14.25
31,3,Car,501,284,516,296,0.431,-1.16,-8.20
32,1,Car,529,291,563,316,0.844,2.83,-7.37
32,2,Car,668,286,692,303,0.656,5.69,-6.29
32,8,Car,254,291,286,311,0.447,-137.47,7.14
32,5,Car,799,295,842,321,0.815,22.47,-14.07
32,20,Car,60,298,118,327,0.848,-339.28,16.78
32,3,Car,501,284,516,297,0.420,-0.32,-2.95
32,28,Car,358,286,374,295,0.544,0.00,0.00
33,1,Car,529,290,563,315,0.841,2.15,-9.29
33,2,Car,668,286,693,303,0.666,6.63,-7.96
33,8,Car,246,294,277,311,0.585,-148.35,11.39
33,5,Car,800,294,844,321,0.782,19.18,-14.78
33,20,Car,38,297,101,328,0.845,-361.47,15.97
33,3,Car,501,284,516,296,0.424,0.10,-2.82
33,28,Car,356,285,372,295,0.502,0.00,0.00
34,1,Car,528,290,562,315,0.842,1.89,-11.14
34,2,Car,669,286,693,303,0.668,6.90,-9.48
34,8,Car,237,294,269,312,0.573,-160.06,10.55
34,5,Car,801,294,845,320,0.781,14.24,-16.55
34,20,Car,15,298,82,330,0.857,-387.92,15.03
34,3,Car,500,283,516,296,0.476,-1.35,-3.17
34,28,Car,354,286,371,296,0.474,0.00,0.00
35,1,Car,528,290,562,315,0.838,1.32,-14.36
35,2,Car,669,286,693,303,0.671,5.21,-11.95
35,8,Car,227,295,261,313,0.675,-171.29,8.64
35,5,Car,801,294,845,320,0.788,7.20,-19.32
35,20,Car,0,298,60,331,0.859,-407.40,13.00
35,3,Car,500,283,516,296,0.474,-1.75,-4.01
35,28,Car,351,286,368,296,0.343,0.00,0.00
36,1,Car,528,290,561,315,0.841,0.51,-11.30
36,2,Car,669,285,695,303,0.691,8.57,-8.06
36,8,Car,217,297,253,314,0.581,-181.87,12.06
36,5,Car,802,294,846,320,0.799,16.90,-14.45
36,20,Car,0,298,35,332,0.822,-408.05,13.08
36,3,Car,499,283,515,296,0.392,-1.63,-6.28
36,28,Car,348,285,366,296,0.469,0.00,0.00
37,1,Car,528,290,561,315,0.841,-0.79,-8.88
37,2,Car,669,285,694,303,0.621,10.41,-4.94
37,8,Car,206,293,248,314,0.520,-191.01,9.29
37,5,Car,803,294,847,320,0.763,22.11,-11.46
37,3,Car,499,283,515,296,0.410,-2.87,-5.65
37,28,Car,346,285,364,296,0.519,0.00,0.00
38,1,Car,528,290,561,315,0.841,-2.07,-6.52
38,2,Car,669,285,695,303,0.635,9.96,-2.50
38,8,Car,195,291,240,315,0.534,-203.75,9.23
38,5,Car,804,293,848,319,0.782,24.77,-8.48
38,3,Car,499,283,515,296,0.417,-3.26,-4.19
38,28,Car,344,285,361,297,0.527,0.00,0.00
39,1,Car,528,289,561,314,0.847,-2.71,-6.18
39,2,Car,669,285,695,303,0.607,7.73,-2.29
39,8,Car,182,290,227,316,0.478,-221.58,10.56
39,5,Car,805,293,848,319,0.752,28.92,-6.54
39,3,Car,499,282,514,296,0.448,-3.98,-3.66
39,28,Car,342,285,359,297,0.620,0.00,0.00
39,33,Car,288,290,321,306,0.371,0.00,0.00
40,1,Car,529,289,561,313,0.845,-2.47,-6.91
40,2,Car,669,284,695,302,0.575,5.56,-3.21
40,8,Car,168,289,220,316,0.703,-233.64,10.29
40,5,Car,806,293,849,319,0.738,25.75,-6.32
40,3,Car,499,282,514,295,0.450,-4.61,-4.03
40,28,Car,339,284,357,296,0.509,0.00,0.00
40,35,Car,239,286,260,298,0.409,0.00,0.00
41,1,Car,528,289,561,314,0.844,-2.96,-5.99
41,2,Car,669,285,695,303,0.591,5.17,-1.91
41,8,Car,153,289,209,317,0.800,-247.33,6.55
41,5,Car,807,293,850,319,0.758,22.56,-5.23
41,3,Car,499,283,514,296,0.464,-5.00,-3.08
41,28,Car,336,285,355,297,0.517,-57.53,1.81
42,1,Car,528,289,561,314,0.846,-3.24,-3.26
42,2,Car,669,285,694,303,0.623,3.30,0.29
42,8,Car,136,289,197,319,0.814,-263.37,4.04
42,5,Car,807,293,850,319,0.698,19.50,-4.06
42,3,Car,499,283,514,296,0.520,-5.15,-0.70
42,28,Car,333,286,353,298,0.533,-59.00,5.28
42,33,Car,265,291,309,311,0.555,0.00,0.00
43,1,Car,528,290,561,314,0.844,-2.77,-2.11
43,2,Car,669,286,694,304,0.685,2.48,1.15
43,8,Car,118,289,183,320,0.811,-284.12,3.33
43,5,Car,808,293,851,320,0.770,19.16,-2.28
43,3,Car,499,284,514,296,0.535,-4.18,0.94
43,28,Car,331,286,350,299,0.497,-60.46,5.03
43,33,Car,257,292,307,312,0.309,0.00,0.00
43,35,Car,227,288,249,300,0.346,0.00,0.00
44,1,Car,528,290,560,315,0.844,-2.70,0.28
44,2,Car,669,286,694,304,0.707,1.83,3.36
44,8,Car,98,290,167,322,0.841,-309.90,6.34
44,5,Car,807,293,853,321,0.688,20.28,-0.90
44,3,Car,499,285,514,297,0.575,-3.91,3.53
44,28,Car,327,287,348,301,0.481,-62.28,8.80
44,33,Car,249,293,287,313,0.497,0.00,0.00
44,35,Car,222,289,245,301,0.620,0.00,0.00
45,1,Car,528,291,560,316,0.839,-2.86,3.47
45,2,Car,670,288,694,306,0.671,0.30,7.47
45,8,Car,75,291,150,325,0.852,-340.04,7.75
45,5,Car,808,294,854,322,0.777,18.87,3.13
45,3,Car,497,286,513,298,0.476,-5.74,7.10
45,28,Car,325,288,345,303,0.609,-62.10,12.93
45,35,Car,218,290,242,303,0.514,0.00,0.00
46,1,Car,528,292,560,316,0.842,-3.30,5.15
46,2,Car,670,288,696,307,0.705,2.29,9.40
46,8,Car,51,291,131,327,0.774,-378.16,14.78
46,5,Car,808,295,855,322,0.813,17.94,5.15
46,3,Car,497,286,513,299,0.470,-6.18,8.98
46,28,Car,322,288,343,303,0.523,-62.55,14.73
46,35,Car,214,291,237,304,0.507,0.00,0.00
46,33,Car,232,295,265,315,0.487,0.00,0.00
47,1,Car,528,292,560,317,0.846,-3.41,7.26
47,2,Car,670,289,696,307,0.614,2.82,11.05
47,8,Car,23,292,109,329,0.796,-419.46,20.71
47,5,Car,809,295,856,323,0.780,17.17,7.04
47,3,Car,497,287,513,300,0.410,-5.53,12.89
47,28,Car,318,289,340,304,0.580,-64.52,16.62
47,35,Car,210,291,232,306,0.523,0.00,0.00
47,33,Car,223,296,255,316,0.579,0.00,0.00
48,1,Car,528,293,559,317,0.850,-3.78,8.62
48,2,Car,669,289,696,307,0.611,0.92,11.72
48,8,Car,3,292,85,331,0.796,-446.02,24.44
48,5,Car,809,295,857,323,0.787,18.34,7.71
48,3,Car,497,288,513,301,0.472,-5.60,14.52
48,28,Car,315,290,337,304,0.604,-66.51,17.81
48,33,Car,213,296,247,316,0.453,0.00,0.00
48,38,Car,262,296,283,311,0.381,0.00,0.00
49,1,Car,528,292,559,316,0.845,-3.80,8.67
49,2,Car,670,288,695,307,0.634,0.97,12.15
49,8,Car,0,291,57,332,0.536,-459.43,25.30
49,5,Car,809,295,859,322,0.798,18.16,7.57
49,3,Car,497,287,513,300,0.362,-4.63,12.88
49,28,Car,312,289,334,304,0.531,-68.51,18.46
49,33,Car,203,296,238,316,0.431,0.00,0.00
50,1,Car,527,292,559,316,0.844,-3.80,6.59
50,2,Car,669,288,695,307,0.636,0.22,9.69
50,5,Car,810,294,859,322,0.791,17.70,5.28
50,3,Car,497,286,513,299,0.463,-4.71,10.30
50,28,Car,308,289,332,304,0.485,-71.25,15.98
50,33,Car,191,294,229,317,0.557,0.00,0.00
51,1,Car,528,292,559,316,0.843,-2.27,6.28
51,2,Car,670,289,695,307,0.670,1.81,9.55
51,5,Car,813,294,861,322,0.768,22.98,5.64
51,3,Car,497,286,513,300,0.429,-4.72,9.36
51,28,Car,303,290,329,305,0.460,-75.29,14.42
52,1,Car,528,292,559,316,0.846,-1.98,5.94
52,2,Car,670,289,696,307,0.695,2.93,9.80
52,5,Car,814,295,862,322,0.780,23.17,5.45
52,3,Car,497,286,513,300,0.368,-4.93,8.67
52,28,Car,300,290,325,306,0.672,-77.12,15.01
52,33,Car,164,295,213,320,0.458,-222.76,17.94
53,1,Car,528,293,559,317,0.851,-1.75,6.42
53,2,Car,670,290,696,308,0.698,3.73,10.02
53,5,Car,815,295,864,323,0.793,25.31,6.71
53,3,Car,496,288,512,301,0.517,-5.23,9.49
53,28,Car,297,291,322,307,0.655,-78.12,14.73
53,33,Car,149,296,203,321,0.664,-252.21,17.43
53,35,Car,183,292,207,308,0.369,0.00,0.00
54,1,Car,528,294,559,317,0.849,-0.82,5.43
54,2,Car,671,290,696,309,0.678,3.88,8.12
54,5,Car,815,296,864,324,0.814,25.27,4.63
54,3,Car,497,289,512,301,0.547,-2.23,8.73
54,28,Car,292,292,319,308,0.679,-81.66,13.13
54,33,Car,133,297,189,323,0.806,-275.43,18.06
54,35,Car,178,293,201,310,0.533,0.00,0.00
55,1,Car,528,294,559,318,0.844,-0.73,4.77
55,2,Car,671,291,697,309,0.692,2.93,6.95
55,5,Car,816,296,865,324,0.820,25.11,3.31
55,3,Car,497,289,512,302,0.542,-0.97,8.01
55,28,Car,288,292,315,308,0.579,-85.65,11.70
55,33,Car,115,298,174,323,0.780,-280.29,16.64
55,35,Car,171,293,197,312,0.677,0.00,0.00
56,1,Car,528,294,559,318,0.845,-0.19,3.79
56,2,Car,671,291,698,310,0.699,3.56,6.54
56,5,Car,816,296,866,324,0.810,25.96,3.04
56,3,Car,497,290,512,302,0.428,-1.12,5.20
56,28,Car,284,293,311,309,0.664,-88.04,11.26
56,33,Car,95,298,159,324,0.813,-304.37,14.48
56,35,Car,165,294,191,313,0.591,-111.36,17.68
56,44,Car,198,299,229,315,0.471,0.00,0.00
57,1,Car,528,294,559,318,0.832,-0.28,2.89
57,2,Car,670,291,698,309,0.701,4.57,5.10
57,5,Car,817,295,867,324,0.816,24.27,1.30
57,3,Car,497,289,512,302,0.425,-0.96,3.61
57,28,Car,279,293,307,309,0.646,-91.84,10.73
57,33,Car,71,298,142,326,0.844,-330.48,16.00
57,35,Car,159,294,185,314,0.496,-117.24,17.57
57,44,Car,189,299,220,316,0.528,0.00,0.00
58,1,Car,528,295,559,318,0.826,-0.20,6.76
58,2,Car,670,291,697,310,0.717,4.23,8.86
58,5,Car,818,296,868,324,0.817,25.93,4.38
58,3,Car,498,290,512,302,0.427,-0.71,8.37
58,28,Car,274,294,302,310,0.641,-97.24,13.99
58,33,Car,46,299,123,329,0.843,-363.73,18.86
58,35,Car,153,295,180,314,0.504,-119.57,16.43
58,44,Car,179,300,210,317,0.653,0.00,0.00
59,1,Car,528,294,559,318,0.834,-0.05,6.49
59,2,Car,670,291,697,310,0.719,4.51,8.30
59,5,Car,819,295,869,324,0.793,25.56,4.52
59,3,Car,498,290,512,302,0.330,-0.50,8.94
59,28,Car,268,293,298,310,0.656,-102.22,12.99
59,33,Car,18,298,101,330,0.849,-403.20,19.97
59,44,Car,172,301,200,318,0.391,0.00,0.00
60,1,Car,528,295,559,318,0.824,-0.40,6.91
60,2,Car,670,291,697,310,0.753,3.93,8.47
60,5,Car,821,295,871,324,0.815,25.13,5.11
60,3,Car,498,290,512,302,0.333,-0.24,9.56
60,28,Car,262,293,292,310,0.679,-108.07,13.13
60,33,Car,0,298,76,331,0.839,-430.15,21.92
60,35,Car,141,298,184,318,0.590,-113.00,18.19
61,1,Car,528,296,559,318,0.816,-0.28,7.64
61,2,Car,670,292,698,311,0.701,3.14,8.71
61,5,Car,823,296,872,325,0.833,26.91,5.77
61,3,Car,497,291,511,303,0.363,-1.12,10.11
61,28,Car,256,294,287,312,0.700,-114.13,13.28
61,33,Car,0,299,48,331,0.783,-458.32,21.55
61,35,Car,136,297,178,320,0.692,-114.03,18.00
62,1,Car,528,295,559,318,0.819,0.53,3.85
62,2,Car,671,291,698,311,0.740,3.37,5.66
62,5,Car,825,296,874,325,0.803,27.48,2.89
62,3,Car,497,290,511,302,0.381,0.06,5.56
62,28,Car,250,293,282,311,0.625,-119.97,8.49
62,35,Car,129,298,167,319,0.464,-121.74,17.23
63,1,Car,528,295,559,318,0.813,0.01,1.70
63,2,Car,671,291,698,310,0.740,3.76,3.19
63,5,Car,824,296,876,325,0.581,28.62,1.46
63,3,Car,497,290,511,302,0.361,-0.40,3.08
63,28,Car,244,293,276,311,0.690,-126.55,6.53
63,35,Car,115,300,154,320,0.523,-151.33,25.25
64,1,Car,528,295,559,318,0.818,0.23,1.63
64,2,Car,671,291,699,311,0.773,3.24,2.77
64,5,Car,825,295,876,325,0.745,27.04,0.02
64,3,Car,497,291,511,303,0.396,-0.57,3.03
64,28,Car,237,294,270,312,0.680,-133.85,7.66
64,35,Car,98,301,139,322,0.658,-176.87,25.85
65,1,Car,528,295,559,318,0.821,0.83,2.03
65,2,Car,671,292,700,311,0.791,3.94,3.29
65,5,Car,826,295,878,325,0.830,30.05,-0.28
65,3,Car,498,291,512,303,0.381,0.41,3.75
65,28,Car,231,294,264,313,0.587,-139.49,8.12
65,35,Car,80,303,124,324,0.720,-204.52,26.59
65,44,Car,108,297,144,317,0.668,0.00,0.00
66,1,Car,528,296,559,318,0.820,1.10,3.03
66,2,Car,671,292,701,311,0.762,5.24,4.77
66,5,Car,827,295,879,325,0.684,31.14,0.93
66,3,Car,498,291,512,304,0.322,0.77,5.38
66,28,Car,223,295,258,314,0.645,-146.07,10.12
66,35,Car,60,303,106,325,0.787,-237.46,27.96
66,44,Car,97,298,137,317,0.750,0.00,0.00
67,1,Car,529,296,559,319,0.821,1.73,2.22
67,2,Car,671,292,701,312,0.769,6.29,3.84
67,5,Car,827,295,877,325,0.758,25.37,0.46
67,3,Car,497,291,512,305,0.396,-0.28,4.33
67,28,Car,216,296,251,315,0.636,-151.46,10.61
67,35,Car,38,305,87,327,0.754,-274.40,29.91
67,44,Car,89,299,125,318,0.687,0.00,0.00
68,1,Car,529,296,559,319,0.832,2.27,3.79
68,2,Car,672,292,701,312,0.777,7.47,5.26
68,5,Car,828,295,880,325,0.839,27.37,0.87
68,3,Car,497,291,512,305,0.385,0.10,5.16
68,28,Car,208,297,244,316,0.700,-158.88,12.84
68,35,Car,12,305,65,330,0.738,-319.09,32.03
68,44,Car,81,300,115,318,0.773,0.00,0.00
69,1,Car,529,296,559,319,0.831,2.22,4.01
69,2,Car,673,293,701,313,0.775,7.55,5.70
69,5,Car,829,295,882,325,0.853,27.13,0.99
69,3,Car,497,292,512,305,0.434,0.28,5.63
69,28,Car,198,297,236,317,0.679,-167.03,14.36
69,35,Car,0,305,42,331,0.820,-392.86,29.29
69,44,Car,72,300,107,318,0.647,0.00,0.00
70,1,Car,529,296,559,319,0.829,1.61,2.45
70,2,Car,673,293,700,313,0.778,7.05,4.31
70,5,Car,831,295,884,325,0.842,26.75,-1.14
70,3,Car,497,292,512,305,0.456,1.16,4.37
70,28,Car,188,297,228,318,0.485,-175.73,13.46
70,44,Car,64,301,98,318,0.642,-236.87,4.33
71,1,Car,529,296,559,319,0.827,0.73,3.48
71,2,Car,673,293,701,313,0.793,6.84,4.41
71,5,Car,831,294,885,325,0.851,25.11,-1.92
71,3,Car,497,292,512,305,0.452,0.84,5.98
71,28,Car,182,297,220,318,0.486,-180.18,15.49
71,44,Car,54,301,91,318,0.693,-235.70,3.25
72,1,Car,529,296,559,319,0.826,1.93,4.02
72,2,Car,673,293,701,313,0.783,6.67,5.99
72,5,Car,833,295,887,326,0.837,27.45,-0.27
72,3,Car,497,292,512,305,0.476,0.88,6.70
72,44,Car,45,301,83,318,0.633,-233.41,1.63
73,1,Car,529,296,559,319,0.820,1.72,3.33
73,2,Car,673,293,701,313,0.759,6.33,5.68
73,5,Car,833,294,888,325,0.741,28.06,0.24
73,3,Car,497,292,512,305,0.537,0.51,6.31
73,44,Car,35,302,73,320,0.752,-235.78,2.60
73,28,Car,159,298,201,320,0.664,-200.77,17.22
74,1,Car,529,297,560,319,0.820,1.69,4.06
74,2,Car,674,294,703,314,0.730,7.58,5.94
74,5,Car,834,295,890,326,0.853,26.39,1.73
74,3,Car,497,293,512,306,0.574,-0.14,6.48
74,44,Car,24,302,63,321,0.758,-229.78,11.92
74,28,Car,144,299,190,322,0.710,-216.07,17.92
75,1,Car,529,297,559,320,0.814,1.04,3.88
75,2,Car,673,294,703,314,0.659,5.95,5.89
75,5,Car,834,295,890,326,0.816,24.53,2.79
75,3,Car,497,293,512,306,0.575,-0.94,5.79
75,44,Car,14,302,54,321,0.646,-230.65,11.51
75,28,Car,131,299,178,323,0.711,-232.85,17.55
76,1,Car,529,298,559,320,0.811,-0.11,4.09
76,2,Car,674,294,703,315,0.648,5.98,5.79
76,5,Car,834,296,891,327,0.796,29.07,3.32
76,3,Car,497,294,512,307,0.518,-0.33,6.84
76,44,Car,2,303,44,322,0.689,-233.10,12.41
76,28,Car,116,299,166,324,0.735,-248.46,17.37
77,1,Car,529,298,559,320,0.815,-0.47,3.81
77,2,Car,674,294,702,315,0.606,4.51,5.80
77,5,Car,835,295,893,327,0.836,27.20,4.05
77,3,Car,497,294,512,307,0.506,-0.18,7.06
77,44,Car,0,304,36,323,0.659,-222.68,13.29
77,28,Car,96,299,152,325,0.646,-273.28,15.61
78,1,Car,529,297,559,319,0.811,-0.35,1.10
78,2,Car,674,294,703,314,0.648,5.33,3.39
78,5,Car,837,294,894,327,0.745,27.15,1.12
78,3,Car,497,294,512,306,0.464,-0.64,5.05
78,44,Car,0,304,23,323,0.656,-216.90,12.80
78,28,Car,78,298,137,326,0.722,-295.40,14.94
79,1,Car,529,297,559,319,0.805,0.36,1.15
79,2,Car,674,294,703,315,0.672,6.31,3.89
79,5,Car,838,295,896,327,0.834,27.95,2.34
79,3,Car,497,294,512,307,0.475,-0.01,5.36
79,44,Car,0,304,14,324,0.685,-205.72,13.29
79,28,Car,58,298,121,327,0.783,-318.44,13.56
80,1,Car,529,297,559,319,0.813,0.09,0.91
80,2,Car,675,294,703,314,0.718,5.92,3.93
80,5,Car,839,295,897,327,0.823,26.91,2.89
80,3,Car,497,294,512,307,0.456,-0.64,5.27
80,28,Car,37,298,103,328,0.767,-345.91,14.00
81,1,Car,529,297,559,319,0.807,-0.62,1.50
81,2,Car,675,294,704,315,0.724,6.59,4.16
81,5,Car,840,295,898,328,0.842,25.28,3.52
81,3,Car,497,294,512,307,0.476,-0.10,5.50
81,28,Car,12,298,84,329,0.817,-383.23,15.53
82,1,Car,529,297,558,319,0.804,-0.75,-0.08
82,2,Car,675,294,704,315,0.720,7.25,2.86
82,5,Car,841,295,900,327,0.845,27.57,2.50
82,3,Car,497,294,512,306,0.423,-0.09,3.58
82,28,Car,0,297,63,330,0.812,-412.96,12.18
83,1,Car,529,296,558,319,0.798,-1.33,-1.77
83,2,Car,675,294,705,315,0.698,4.49,2.24
83,5,Car,843,295,901,327,0.852,27.74,1.52
83,3,Car,497,294,512,307,0.423,0.03,2.93
83,28,Car,0,297,38,330,0.702,-411.49,9.27
84,1,Car,529,296,558,319,0.796,-0.84,-2.48
84,2,Car,675,294,705,315,0.671,5.48,1.69
84,5,Car,844,295,903,327,0.833,31.42,0.71
84,3,Car,497,294,512,307,0.470,0.39,2.29
85,1,Car,529,296,558,319,0.800,-1.11,-3.46
85,2,Car,675,294,705,315,0.712,4.89,1.20
85,5,Car,844,295,904,328,0.837,31.34,0.23
85,3,Car,497,294,512,307,0.492,0.05,0.53
86,1,Car,529,297,558,319,0.816,-1.27,-2.96
86,2,Car,675,295,705,316,0.708,5.58,2.04
86,5,Car,846,295,906,328,0.837,32.64,1.45
86,3,Car,498,295,512,307,0.504,0.28,0.70
86,52,Car,118,300,165,323,0.642,0.00,0.00
87,1,Car,529,297,558,319,0.819,-2.34,-1.28
87,2,Car,675,295,705,316,0.723,4.39,3.15
87,5,Car,846,295,907,329,0.846,30.96,3.33
87,3,Car,498,295,512,307,0.511,0.54,1.62
87,52,Car,101,299,152,323,0.657,0.00,0.00
88,1,Car,528,297,558,319,0.812,-2.59,-1.12
88,2,Car,676,295,705,316,0.684,5.30,3.46
88,5,Car,848,295,909,329,0.837,30.40,3.51
88,3,Car,498,295,512,307,0.531,0.91,1.30
88,52,Car,79,299,132,323,0.633,0.00,0.00
88,54,Car,248,298,275,313,0.425,0.00,0.00
88,55,Car,294,297,331,311,0.509,0.00,0.00
89,1,Car,528,297,558,319,0.812,-2.23,-0.22
89,2,Car,676,295,706,316,0.658,4.82,3.87
89,5,Car,849,295,910,329,0.835,32.59,3.42
89,3,Car,498,295,512,307,0.529,1.35,1.71
89,52,Car,54,299,109,323,0.531,0.00,0.00
89,54,Car,242,298,271,314,0.441,0.00,0.00
90,1,Car,529,297,558,319,0.806,-1.85,0.35
90,2,Car,676,295,706,317,0.677,4.73,4.09
90,5,Car,850,296,912,329,0.846,32.85,3.22
90,3,Car,498,296,512,307,0.479,0.59,2.09
90,52,Car,22,299,84,324,0.739,0.00,0.00
90,54,Car,236,299,265,315,0.509,0.00,0.00
91,1,Car,529,298,558,320,0.814,-1.33,3.82
91,2,Car,675,297,707,318,0.731,4.53,8.70
91,5,Car,850,296,913,331,0.809,31.56,7.51
91,3,Car,497,297,512,308,0.437,0.61,6.82
91,52,Car,0,300,57,327,0.769,0.00,0.00
91,54,Car,230,299,259,316,0.720,0.00,0.00
92,1,Car,529,300,558,321,0.816,-1.50,7.53
92,2,Car,676,298,708,319,0.643,4.60,11.48
92,5,Car,850,297,915,332,0.766,30.58,9.92
92,3,Car,497,298,512,309,0.372,0.33,9.01
92,54,Car,223,300,254,317,0.627,0.00,0.00
93,1,Car,529,301,558,323,0.807,-1.14,11.95
93,2,Car,677,299,709,321,0.691,6.99,15.41
93,5,Car,852,298,918,333,0.848,32.04,13.60
93,54,Car,216,302,248,319,0.586,0.00,0.00
93,59,Car,265,303,294,317,0.414,0.00,0.00
94,1,Car,529,301,558,323,0.797,-0.89,12.40
94,2,Car,677,300,708,321,0.680,6.76,15.43
94,5,Car,853,299,919,334,0.822,33.62,13.42
94,54,Car,208,302,242,320,0.583,0.00,0.00
94,59,Car,257,303,290,318,0.329,0.00,0.00
95,1,Car,529,302,558,323,0.797,-0.46,13.22
95,2,Car,677,300,708,321,0.679,6.83,15.06
95,5,Car,855,299,921,334,0.790,34.49,13.19
95,54,Car,200,302,235,320,0.378,0.00,0.00
95,59,Car,250,304,282,319,0.468,0.00,0.00
96,1,Car,529,302,558,323,0.790,0.25,12.76
96,2,Car,678,300,708,321,0.729,7.62,14.29
96,5,Car,856,298,922,334,0.852,34.55,12.06
96,54,Car,192,303,228,321,0.522,0.00,0.00
96,59,Car,241,305,274,320,0.554,0.00,0.00
97,1,Car,529,301,558,322,0.812,0.35,10.41
97,2,Car,678,299,709,321,0.715,8.17,11.85
97,5,Car,857,298,924,334,0.860,34.66,9.85
97,54,Car,183,302,220,321,0.563,-166.61,15.52
97,59,Car,233,304,267,319,0.643,0.00,0.00
97,60,Car,289,301,307,314,0.490,0.00,0.00
97,61,Car,268,305,290,317,0.441,0.00,0.00
98,1,Car,529,300,558,321,0.825,-0.13,8.06
98,2,Car,679,298,709,320,0.735,8.65,9.72
98,5,Car,859,297,927,333,0.856,36.39,7.85
98,54,Car,173,302,213,321,0.573,-176.72,15.54
98,59,Car,224,303,261,320,0.683,0.00,0.00
98,60,Car,285,300,305,314,0.425,0.00,0.00
98,61,Car,262,304,286,317,0.478,0.00,0.00
98,3,Car,497,298,513,311,0.332,0.68,7.63
99,1,Car,529,300,558,321,0.820,-0.73,5.85
99,2,Car,680,298,710,320,0.749,9.50,7.07
99,5,Car,860,296,928,332,0.853,37.09,4.70
99,59,Car,214,302,251,320,0.618,0.00,0.00
99,60,Car,281,300,302,314,0.507,0.00,0.00
99,61,Car,258,304,283,317,0.368,0.00,0.00
99,3,Car,497,298,513,311,0.345,0.96,6.92
100,1,Car,529,299,557,321,0.814,-0.83,2.96
100,2,Car,679,297,711,319,0.705,9.44,2.74
100,5,Car,862,295,931,332,0.867,40.57,0.23
100,59,Car,203,302,242,320,0.674,0.00,0.00
100,60,Car,278,300,299,314,0.561,0.00,0.00
100,61,Car,251,303,278,317,0.445,0.00,0.00
100,3,Car,497,298,513,310,0.375,0.74,6.06
100,54,Car,158,302,194,322,0.590,-186.14,13.00
101,1,Car,529,300,557,321,0.817,-1.09,-0.35
101,2,Car,679,298,711,320,0.745,9.60,-0.05
101,5,Car,863,295,932,333,0.875,40.81,-1.73
101,59,Car,191,301,232,321,0.730,0.00,0.00
101,60,Car,275,301,297,314,0.594,0.00,0.00
101,61,Car,241,304,273,318,0.571,0.00,0.00
101,3,Car,497,298,513,311,0.380,0.68,6.41
101,54,Car,146,302,185,322,0.669,-197.41,11.63
102,1,Car,529,299,557,320,0.804,-0.83,-5.41
102,2,Car,679,297,711,319,0.774,7.18,-4.79
102,5,Car,864,295,934,332,0.876,39.83,-6.64
102,59,Car,180,302,221,322,0.675,-219.46,4.79
102,60,Car,271,301,294,314,0.591,0.00,0.00
102,61,Car,236,304,268,318,0.474,0.00,0.00
102,3,Car,497,298,514,310,0.380,0.99,5.82
102,54,Car,133,302,176,323,0.759,-210.57,8.80
103,1,Car,528,299,557,320,0.809,-1.27,-6.31
103,2,Car,679,297,711,319,0.788,7.34,-5.60
103,5,Car,866,295,935,332,0.862,40.31,-7.33
103,59,Car,167,302,210,322,0.589,-236.95,3.27
103,60,Car,268,301,292,315,0.672,0.00,0.00
103,61,Car,226,304,260,319,0.609,0.00,0.00
103,3,Car,497,298,514,310,0.391,0.82,5.73
103,54,Car,122,301,163,324,0.746,-223.86,5.47
104,1,Car,528,299,557,320,0.800,-1.38,-7.22
104,2,Car,679,297,712,320,0.780,8.15,-5.72
104,5,Car,867,295,937,333,0.864,38.99,-7.46
104,59,Car,158,302,197,322,0.438,-244.99,0.63
104,60,Car,265,301,291,315,0.690,0.00,0.00
104,61,Car,216,304,254,319,0.689,0.00,0.00
104,3,Car,497,298,514,310,0.391,1.36,5.03
104,54,Car,106,301,151,324,0.742,-240.50,5.49
105,1,Car,528,299,557,320,0.797,-2.27,-7.90
105,2,Car,680,297,712,319,0.771,8.34,-5.83
105,5,Car,869,294,938,332,0.862,40.41,-7.86
105,59,Car,138,301,182,323,0.485,-270.99,0.41
105,60,Car,261,300,286,315,0.719,0.00,0.00
105,61,Car,206,303,246,319,0.716,0.00,0.00
105,3,Car,497,298,513,310,0.404,1.39,2.47
105,54,Car,90,302,137,325,0.553,-260.49,5.35
106,1,Car,528,299,557,320,0.797,-2.62,-5.69
106,2,Car,680,297,712,320,0.779,7.15,-3.97
106,5,Car,871,294,941,332,0.868,41.43,-6.27
106,59,Car,124,301,167,323,0.508,-289.64,1.43
106,60,Car,258,300,282,315,0.693,-78.50,1.01
106,61,Car,195,303,238,320,0.707,-174.21,2.12
106,3,Car,498,298,513,310,0.383,1.59,1.06
106,54,Car,72,303,116,326,0.565,-289.67,6.64
107,1,Car,528,299,557,320,0.803,-2.76,-3.07
107,2,Car,680,298,712,320,0.770,7.19,-0.62
107,5,Car,872,295,943,333,0.880,41.81,-2.26
107,59,Car,104,301,149,324,0.423,-321.30,4.00
107,60,Car,253,300,279,316,0.684,-80.58,2.10
107,61,Car,183,304,228,320,0.737,-191.92,4.73
107,3,Car,498,298,513,311,0.321,1.20,-0.31
107,54,Car,53,303,97,327,0.569,-316.77,9.35
108,1,Car,528,300,557,321,0.807,-2.51,-0.68
108,2,Car,681,298,714,321,0.732,8.02,2.16
108,5,Car,874,295,946,334,0.880,43.78,1.22
108,60,Car,249,301,275,316,0.650,-82.29,3.19
108,61,Car,171,304,217,321,0.716,-210.64,6.89
108,54,Car,34,303,77,329,0.433,-343.18,9.98
109,1,Car,528,300,556,322,0.814,-3.15,2.74
109,2,Car,681,299,715,322,0.718,8.81,5.06
109,5,Car,875,295,949,335,0.885,43.43,4.58
109,60,Car,245,302,273,317,0.596,-82.37,5.60
109,61,Car,159,305,206,323,0.712,-227.50,9.92
109,54,Car,12,303,56,330,0.617,-394.94,13.32
109,59,Car,44,302,109,330,0.738,-390.06,12.16
109,3,Car,498,300,513,313,0.400,1.85,4.95
110,1,Car,528,301,556,322,0.815,-3.05,3.85
110,2,Car,681,299,715,322,0.676,8.03,5.77
110,5,Car,878,296,950,336,0.864,45.75,5.66
110,60,Car,241,302,271,318,0.699,-81.93,6.38
110,61,Car,147,305,194,324,0.764,-241.34,9.78
110,54,Car,0,302,64,332,0.787,-370.91,14.44
110,3,Car,499,301,513,313,0.389,2.38,6.95
111,1,Car,528,301,556,322,0.810,-3.43,5.95
111,2,Car,682,300,715,322,0.707,9.15,7.64
111,5,Car,879,297,952,337,0.865,46.31,8.82
111,60,Car,237,302,266,318,0.705,-86.29,6.73
111,61,Car,132,305,181,325,0.715,-264.52,10.25
111,54,Car,0,302,53,333,0.734,-355.86,14.79
111,3,Car,499,301,514,313,0.418,2.97,7.03
112,1,Car,528,301,556,322,0.802,-3.10,5.80
112,2,Car,682,299,716,322,0.742,10.56,6.91
112,5,Car,881,297,955,336,0.883,48.24,7.72
112,60,Car,233,302,261,318,0.701,-93.01,6.77
112,61,Car,115,305,169,326,0.730,-280.63,11.50
112,3,Car,499,301,514,313,0.365,2.46,7.91
113,1,Car,528,301,556,322,0.804,-3.42,4.82
113,2,Car,683,299,716,322,0.706,11.12,6.46
113,5,Car,883,297,959,336,0.876,51.95,7.68
113,60,Car,228,302,255,319,0.708,-99.65,5.68
113,61,Car,99,305,154,326,0.755,-301.85,10.96
113,3,Car,499,301,514,313,0.433,3.44,7.04
114,1,Car,527,301,555,322,0.792,-2.96,5.65
114,2,Car,683,299,717,322,0.698,12.15,6.74
114,5,Car,885,296,960,336,0.880,51.55,8.32
114,60,Car,223,302,252,318,0.705,-100.17,5.71
114,61,Car,80,305,138,327,0.682,-325.45,12.13
114,3,Car,499,301,514,313,0.400,2.96,6.59
115,1,Car,528,301,556,322,0.796,-2.21,5.42
115,2,Car,684,299,717,322,0.717,12.07,5.99
115,5,Car,887,296,960,337,0.870,48.31,7.77
115,60,Car,218,302,247,318,0.667,-104.37,5.63
115,61,Car,59,305,121,328,0.793,-351.35,13.30
115,3,Car,500,301,514,313,0.365,3.73,7.08
115,71,Car,255,304,278,316,0.435,0.00,0.00
116,1,Car,528,301,556,322,0.788,-1.29,4.53
116,2,Car,684,299,719,322,0.703,14.01,4.84
116,5,Car,889,296,960,337,0.882,45.11,6.11
116,60,Car,213,302,242,318,0.739,-106.00,5.39
116,61,Car,33,305,101,329,0.665,-384.56,12.80
116,3,Car,500,301,514,313,0.385,3.52,6.47
116,71,Car,249,303,272,317,0.533,0.00,0.00
117,1,Car,528,301,556,322,0.775,-1.36,2.52
117,2,Car,685,299,719,323,0.691,13.19,3.80
117,5,Car,891,297,960,337,0.884,42.15,6.18
117,60,Car,208,301,238,318,0.680,-108.74,3.49
117,61,Car,7,304,81,330,0.755,-417.48,10.71
117,3,Car,500,301,515,313,0.386,4.67,5.81
117,71,Car,244,302,267,317,0.446,0.00,0.00
118,1,Car,527,301,555,321,0.792,-1.93,0.06
118,2,Car,686,299,720,323,0.707,13.00,2.18
118,5,Car,893,297,960,337,0.883,39.22,4.68
118,60,Car,202,301,233,318,0.667,-115.13,1.54
118,61,Car,0,304,55,329,0.620,-431.29,7.43
118,3,Car,500,301,514,313,0.348,3.88,1.24
118,71,Car,235,303,262,317,0.415,0.00,0.00
119,1,Car,527,301,555,321,0.792,-2.32,-1.49
119,2,Car,686,299,719,323,0.691,13.30,0.57
119,5,Car,895,297,960,337,0.832,36.74,2.63
119,60,Car,196,301,230,318,0.608,-120.24,0.30
119,3,Car,500,301,514,313,0.365,3.36,-0.17
119,71,Car,231,304,259,317,0.332,0.00,0.00
120,1,Car,527,301,555,322,0.792,-2.46,-1.46
120,2,Car,687,300,720,323,0.725,14.00,1.10
120,5,Car,897,297,960,338,0.850,33.95,2.65
120,60,Car,190,301,224,319,0.651,-124.70,-0.09
120,3,Car,500,301,515,313,0.440,2.92,-0.12
121,1,Car,527,301,555,322,0.791,-1.85,-0.84
121,2,Car,687,300,720,323,0.723,12.84,1.80
121,5,Car,899,297,960,338,0.795,30.36,2.87
121,60,Car,183,302,218,319,0.499,-128.52,0.76
121,3,Car,500,301,515,313,0.431,3.05,0.06
121,71,Car,218,304,245,317,0.355,0.00,0.00
122,1,Car,527,301,555,322,0.782,-1.82,0.47
122,2,Car,688,300,721,323,0.724,13.67,2.51
122,5,Car,901,297,960,338,0.849,26.48,3.28
122,60,Car,176,302,211,320,0.513,-135.08,1.94
122,3,Car,501,302,515,314,0.373,2.52,1.65
122,71,Car,211,304,237,318,0.341,0.00,0.00
123,1,Car,527,302,554,322,0.782,-1.88,1.23
123,2,Car,688,300,721,324,0.724,12.23,3.08
123,5,Car,903,297,959,338,0.823,25.29,4.06
123,60,Car,168,302,204,321,0.608,-142.19,3.54
123,3,Car,501,302,515,314,0.415,2.84,3.01
123,71,Car,204,305,229,319,0.503,0.00,0.00
124,1,Car,527,303,554,323,0.802,-2.36,3.97
124,2,Car,689,301,722,325,0.737,13.12,6.45
124,5,Car,905,298,959,339,0.855,25.70,6.60
124,60,Car,161,303,198,322,0.638,-147.09,6.14
124,3,Car,501,303,515,315,0.451,3.07,5.47
124,71,Car,196,305,222,320,0.449,0.00,0.00
125,1,Car,527,303,554,323,0.801,-3.06,4.08
125,2,Car,689,301,723,325,0.750,12.26,6.03
125,5,Car,907,298,959,339,0.844,25.46,6.45
125,60,Car,153,302,190,322,0.691,-156.28,6.41
125,3,Car,501,303,515,315,0.434,2.81,5.17
125,71,Car,188,305,216,320,0.429,-161.26,6.64
126,1,Car,527,303,554,323,0.806,-2.93,5.15
126,2,Car,689,301,723,325,0.677,11.09,6.62
126,5,Car,910,298,959,341,0.813,25.62,6.77
126,60,Car,144,302,184,322,0.639,-163.48,7.30
126,3,Car,501,303,515,315,0.452,2.05,5.83
126,71,Car,181,305,208,320,0.412,-164.62,7.29
127,1,Car,527,303,554,324,0.782,-1.69,6.52
127,2,Car,688,302,724,326,0.588,9.31,8.27
127,5,Car,911,299,959,341,0.798,25.02,8.60
127,60,Car,136,303,175,323,0.626,-172.80,8.35
127,3,Car,501,304,515,315,0.440,2.46,7.27
127,71,Car,168,305,200,322,0.519,-177.75,9.82
128,1,Car,527,304,553,324,0.755,-2.64,8.19
128,2,Car,689,302,723,326,0.628,8.74,9.30
128,5,Car,914,299,959,342,0.748,26.17,9.06
128,60,Car,125,303,166,324,0.631,-187.24,11.02
128,3,Car,501,304,515,316,0.347,1.18,8.97
128,71,Car,154,306,191,323,0.550,-190.03,10.76
129,1,Car,527,303,553,324,0.759,-2.96,6.47
129,2,Car,689,302,724,326,0.660,8.10,7.50
129,5,Car,916,299,959,342,0.811,26.29,6.89
129,60,Car,115,303,159,325,0.559,-193.27,10.65
129,3,Car,501,304,515,316,0.304,0.69,7.66
129,71,Car,152,305,181,323,0.456,-195.80,9.74
130,1,Car,526,303,553,324,0.778,-4.17,4.97
130,2,Car,690,301,724,326,0.674,9.29,5.94
130,5,Car,917,298,959,342,0.787,25.61,6.25
130,3,Car,501,304,514,316,0.379,-0.27,6.69
131,1,Car,526,303,553,324,0.780,-4.59,4.93
131,2,Car,690,302,725,326,0.686,8.51,5.64
131,5,Car,920,298,959,342,0.762,26.13,5.11
131,3,Car,500,304,514,316,0.419,-0.88,6.41
131,60,Car,94,304,140,326,0.323,-208.37,11.37
131,71,Car,120,305,161,325,0.436,-227.73,10.67
132,1,Car,525,303,552,324,0.785,-5.81,4.17
132,2,Car,690,301,725,326,0.657,8.44,5.34
132,5,Car,922,298,959,342,0.655,26.06,5.62
132,3,Car,500,304,514,316,0.414,-2.12,5.50
132,60,Car,82,304,141,327,0.313,-203.90,11.93
133,1,Car,525,303,552,323,0.797,-6.13,1.76
133,2,Car,690,301,726,326,0.661,8.45,2.10
133,5,Car,925,299,959,341,0.636,26.34,3.46
133,3,Car,500,304,514,316,0.424,-3.20,3.26
133,60,Car,81,304,133,326,0.426,-197.58,10.21
134,1,Car,525,304,552,324,0.776,-6.42,3.15
134,2,Car,691,302,727,326,0.624,8.63,3.88
134,5,Car,927,299,959,342,0.799,27.05,4.82
134,3,Car,500,305,514,316,0.358,-2.50,5.04
134,60,Car,60,304,122,328,0.698,-222.05,10.05
135,1,Car,524,304,551,324,0.758,-7.71,2.79
135,2,Car,692,302,727,327,0.586,9.11,2.70
135,5,Car,929,300,959,341,0.834,26.67,4.13
135,3,Car,500,305,514,317,0.319,-2.98,4.75
135,60,Car,43,304,108,329,0.706,-239.93,10.17
136,1,Car,524,304,551,325,0.724,-7.78,2.69
136,2,Car,692,302,728,327,0.694,10.92,2.05
136,5,Car,931,302,959,342,0.811,28.57,5.69
136,3,Car,500,305,514,317,0.350,-3.30,4.28
136,60,Car,27,304,93,330,0.696,-259.50,12.44
137,1,Car,524,305,551,325,0.740,-7.75,2.47
137,2,Car,692,302,728,328,0.651,10.98,2.36
137,5,Car,934,303,959,343,0.806,27.68,7.31
137,3,Car,500,306,513,317,0.394,-3.10,3.98
137,60,Car,11,305,76,332,0.725,-280.21,13.38
138,1,Car,524,304,551,325,0.729,-7.58,2.03
138,2,Car,691,302,728,328,0.628,9.68,1.86
138,5,Car,937,304,959,343,0.744,29.23,9.96
138,3,Car,499,305,513,317,0.382,-3.90,2.36
138,60,Car,0,303,58,332,0.761,-291.61,9.07
139,1,Car,523,304,550,325,0.727,-8.47,3.14
139,2,Car,691,302,729,328,0.573,8.15,3.28
139,5,Car,939,306,959,343,0.728,30.08,13.68
139,3,Car,498,305,513,317,0.436,-4.88,2.68
139,60,Car,0,303,41,331,0.635,-292.63,8.35
140,1,Car,523,304,549,324,0.727,-8.88,1.04
140,2,Car,692,302,729,328,0.628,8.26,2.26
140,5,Car,942,308,959,343,0.623,29.50,16.60
140,3,Car,498,304,513,316,0.366,-5.76,1.27
140,60,Car,0,302,24,331,0.566,-293.05,3.45
141,1,Car,522,304,549,324,0.732,-8.38,0.90
141,2,Car,693,302,729,328,0.665,9.51,2.62
141,5,Car,944,308,959,343,0.570,29.73,16.49
141,3,Car,497,305,512,316,0.375,-6.03,1.67
142,1,Car,522,304,548,324,0.693,-9.17,1.93
142,2,Car,694,302,731,328,0.684,11.01,5.22
142,5,Car,946,310,959,344,0.622,30.15,19.43
142,3,Car,497,306,512,317,0.331,-5.69,3.72
143,1,Car,521,304,547,324,0.704,-11.78,0.44
143,2,Car,694,302,731,329,0.654,9.38,3.73
143,5,Car,949,312,959,344,0.545,31.04,21.32
144,1,Car,521,304,547,324,0.723,-10.91,0.02
144,2,Car,694,302,731,328,0.688,8.35,2.22
144,5,Car,951,314,959,343,0.529,31.10,22.10
145,1,Car,521,305,547,324,0.712,-10.71,0.24
145,2,Car,694,303,731,328,0.636,7.11,2.61
146,1,Car,521,304,547,324,0.710,-10.02,-1.50
146,2,Car,695,302,732,328,0.621,9.05,1.00
147,1,Car,521,304,547,324,0.692,-9.82,-0.92
147,2,Car,695,302,732,328,0.593,9.80,1.52
148,1,Car,520,304,546,324,0.690,-8.45,-1.36
148,2,Car,695,302,733,328,0.604,11.56,0.95
149,1,Car,520,305,546,324,0.699,-7.64,1.70
149,2,Car,696,303,733,329,0.551,11.00,3.01
150,1,Car,521,304,546,324,0.692,-6.21,1.39
150,2,Car,696,302,734,328,0.589,11.21,1.98
150,80,Car,98,300,147,328,0.627,0.00,0.00
151,1,Car,520,306,546,325,0.651,-5.17,3.17
151,2,Car,697,303,736,329,0.625,11.91,1.77
151,80,Car,81,301,136,329,0.633,0.00,0.00
152,1,Car,520,306,546,325,0.596,-1.94,4.48
152,2,Car,698,303,736,330,0.600,12.76,2.85
152,80,Car,60,300,122,330,0.675,0.00,0.00
153,1,Car,521,306,546,325,0.644,-1.21,4.42
153,2,Car,698,303,737,330,0.577,13.63,3.58
153,80,Car,37,300,106,332,0.762,0.00,0.00
154,1,Car,520,306,546,325,0.585,-1.47,3.97
154,2,Car,699,303,737,330,0.620,15.97,2.85
154,80,Car,12,300,86,334,0.782,0.00,0.00
155,1,Car,521,307,547,326,0.632,-0.30,6.15
155,2,Car,699,303,739,330,0.566,16.13,3.89
155,80,Car,0,301,65,334,0.727,0.00,0.00
156,1,Car,521,308,547,327,0.595,0.56,9.11
156,2,Car,700,304,739,331,0.596,17.52,6.49
157,1,Car,521,309,547,327,0.640,1.16,10.73
157,2,Car,701,304,740,332,0.630,17.82,7.97
158,1,Car,521,309,547,328,0.646,1.69,10.96
158,2,Car,702,305,740,332,0.596,18.85,7.63
159,1,Car,521,309,547,328,0.630,1.72,12.29
159,2,Car,703,305,741,333,0.580,19.16,9.58
160,1,Car,521,310,547,328,0.669,1.75,9.84
160,2,Car,703,305,743,333,0.581,17.88,8.02
161,1,Car,521,309,547,328,0.664,1.89,8.67
161,2,Car,704,305,744,333,0.530,19.13,6.81
162,1,Car,521,309,547,328,0.694,1.70,7.64
162,2,Car,704,304,745,332,0.558,19.10,5.93
163,1,Car,521,309,547,327,0.699,1.26,5.56
163,2,Car,705,304,745,332,0.544,19.11,3.48
164,1,Car,521,308,547,326,0.711,0.57,1.73
164,2,Car,705,303,746,331,0.505,18.24,0.47
165,1,Car,521,308,546,326,0.702,-0.80,-1.09
165,2,Car,706,303,747,331,0.505,18.57,-1.98
166,1,Car,521,307,546,326,0.686,-1.00,-4.17
166,2,Car,706,302,747,331,0.537,17.36,-4.44
167,1,Car,521,307,547,325,0.708,-0.79,-6.87
167,2,Car,707,302,748,330,0.540,17.66,-6.89
168,1,Car,521,307,547,325,0.719,-1.00,-7.53
168,2,Car,708,302,750,331,0.575,19.92,-7.05
169,1,Car,521,307,547,325,0.689,-0.25,-7.56
169,2,Car,710,302,751,331,0.554,19.72,-6.66
170,1,Car,521,307,547,325,0.694,-0.41,-7.62
170,2,Car,710,302,752,331,0.587,19.59,-6.35
171,1,Car,521,306,546,325,0.691,-1.47,-7.24
171,2,Car,711,302,752,331,0.628,19.17,-5.59
172,1,Car,521,306,546,325,0.701,-1.35,-6.18
172,2,Car,711,302,752,331,0.634,17.83,-3.33
172,84,Car,108,312,152,330,0.621,0.00,0.00
172,85,Car,151,312,183,327,0.499,0.00,0.00
173,1,Car,521,306,546,325,0.713,-0.79,-4.26
173,2,Car,711,302,753,331,0.649,18.39,-0.25
173,84,Car,95,312,142,330,0.648,0.00,0.00
173,85,Car,142,311,174,328,0.742,0.00,0.00
174,1,Car,521,305,546,324,0.697,-0.47,-5.90
174,2,Car,712,302,754,331,0.685,17.74,-1.99
174,84,Car,79,312,130,329,0.655,0.00,0.00
174,85,Car,131,311,167,328,0.727,0.00,0.00
175,1,Car,521,305,546,324,0.706,-0.76,-4.79
175,2,Car,712,302,754,331,0.614,18.14,-0.96
175,84,Car,64,312,117,330,0.545,0.00,0.00
175,85,Car,122,311,158,328,0.681,0.00,0.00
176,1,Car,521,305,545,324,0.700,-1.89,-3.34
176,2,Car,713,302,756,331,0.592,18.39,1.11
176,84,Car,43,312,101,332,0.457,0.00,0.00
176,85,Car,111,311,149,329,0.672,0.00,0.00
177,1,Car,521,305,545,325,0.686,-2.13,-2.91
177,2,Car,713,302,756,331,0.605,14.88,0.20
177,84,Car,23,313,84,333,0.720,0.00,0.00
177,85,Car,102,311,140,329,0.757,0.00,0.00
178,1,Car,520,306,545,325,0.694,-2.72,-1.71
178,2,Car,714,302,757,332,0.602,15.01,0.54
178,84,Car,3,313,66,335,0.700,0.00,0.00
178,85,Car,93,312,131,330,0.791,0.00,0.00
179,1,Car,520,306,545,325,0.706,-3.04,-1.00
179,2,Car,714,303,758,332,0.601,13.40,1.99
179,84,Car,0,313,47,335,0.638,0.00,0.00
179,85,Car,82,312,121,330,0.755,0.00,0.00
180,1,Car,520,306,545,325,0.708,-2.41,0.46
180,2,Car,715,303,759,333,0.669,16.00,4.36
180,85,Car,70,312,111,331,0.726,0.00,0.00
181,1,Car,520,306,545,325,0.700,-3.17,-0.87
181,2,Car,715,302,759,332,0.597,15.58,2.26
181,85,Car,58,312,99,331,0.707,-245.07,5.76
182,1,Car,520,306,545,324,0.690,-3.76,-1.95
182,2,Car,716,302,760,332,0.580,16.27,0.46
182,85,Car,43,312,82,331,0.518,-264.81,5.52
182,88,Car,494,307,507,319,0.316,0.00,0.00
183,1,Car,519,306,544,324,0.702,-4.62,1.13
183,2,Car,717,302,761,332,0.586,16.50,3.17
184,1,Car,519,306,544,325,0.682,-4.84,3.25
184,2,Car,718,303,762,333,0.530,17.95,5.60
184,85,Car,15,312,66,334,0.326,-271.96,9.09
185,1,Car,519,307,543,325,0.667,-5.47,3.95
185,2,Car,718,303,763,334,0.539,17.14,5.93
185,85,Car,1,312,52,334,0.619,-283.87,10.72
186,1,Car,518,307,542,325,0.680,-6.94,3.73
186,2,Car,719,303,763,334,0.556,17.15,6.49
186,85,Car,0,312,38,335,0.404,-277.92,9.63
187,1,Car,518,307,542,325,0.678,-8.70,2.66
187,2,Car,719,303,764,334,0.604,15.70,5.82
188,1,Car,517,307,541,325,0.674,-10.42,1.49
188,2,Car,719,303,764,334,0.659,15.21,3.10
189,1,Car,517,307,540,325,0.665,-11.36,0.25
189,2,Car,719,303,764,334,0.656,13.32,1.56
190,1,Car,516,307,540,325,0.678,-11.26,1.78
190,2,Car,719,303,765,334,0.586,13.97,3.25
191,1,Car,515,307,540,325,0.702,-12.86,3.69
191,2,Car,720,303,766,335,0.642,12.78,4.67
192,1,Car,515,307,539,325,0.686,-13.17,2.50
192,2,Car,720,303,766,335,0.641,12.08,3.77
193,1,Car,515,307,538,325,0.688,-13.50,-0.33
193,2,Car,720,302,768,334,0.606,11.87,0.37
194,1,Car,514,306,538,325,0.703,-12.94,-1.99
194,2,Car,721,301,768,334,0.521,11.61,-2.27
195,1,Car,514,306,538,324,0.663,-12.34,-4.04
195,2,Car,722,301,769,333,0.546,12.32,-5.31
196,1,Car,514,306,538,324,0.653,-11.65,-3.80
196,2,Car,723,301,769,333,0.540,13.01,-5.32
197,1,Car,513,306,537,325,0.617,-11.26,-2.64
197,2,Car,722,301,770,333,0.616,13.13,-3.74
198,1,Car,513,306,537,325,0.673,-10.96,-0.10
198,2,Car,723,302,771,334,0.646,14.39,-0.65
199,1,Car,513,306,536,325,0.628,-10.21,-1.31
199,2,Car,724,302,772,334,0.693,15.15,-1.80
200,1,Car,512,306,536,325,0.547,-8.93,-1.41
200,2,Car,724,302,772,335,0.694,15.60,-0.45
201,1,Car,512,306,536,325,0.518,-8.49,-1.67
201,2,Car,725,302,773,335,0.634,16.72,-0.00
202,1,Car,511,306,536,325,0.474,-8.88,-1.31
202,2,Car,726,302,775,335,0.603,17.41,0.37
203,1,Car,511,306,535,325,0.426,-9.67,-0.50
203,2,Car,727,302,776,335,0.523,18.56,2.58
204,1,Car,510,307,534,325,0.448,-9.94,3.28
204,2,Car,726,303,776,336,0.530,16.80,6.60
205,1,Car,510,308,534,326,0.490,-9.50,4.34
205,2,Car,727,303,777,336,0.581,16.85,7.58
206,1,Car,510,308,534,326,0.504,-8.30,5.00
206,2,Car,728,303,778,337,0.693,19.05,7.79
206,92,Car,262,314,285,326,0.448,0.00,0.00
207,1,Car,509,308,534,326,0.557,-8.30,2.60
207,2,Car,728,303,778,337,0.654,18.09,4.24
208,1,Car,509,308,534,326,0.517,-8.22,2.76
208,2,Car,729,302,780,336,0.698,19.94,3.51
209,1,Car,509,307,534,325,0.442,-7.81,0.71
209,2,Car,730,301,781,336,0.520,19.81,-0.54
209,92,Car,250,314,272,326,0.402,0.00,0.00
210,1,Car,509,307,534,325,0.420,-7.01,1.36
210,2,Car,731,301,783,336,0.580,21.58,-0.93
210,92,Car,245,313,267,327,0.488,0.00,0.00
211,1,Car,509,307,533,325,0.473,-6.67,1.66
211,2,Car,731,301,783,335,0.569,18.24,-0.38
211,92,Car,239,313,263,327,0.305,0.00,0.00
212,1,Car,509,307,533,325,0.472,-5.93,2.29
212,2,Car,731,301,783,336,0.754,16.77,0.08
212,92,Car,234,313,260,327,0.379,0.00,0.00
212,94,Car,285,313,307,325,0.544,0.00,0.00
213,1,Car,509,307,532,325,0.468,-6.02,0.48
213,2,Car,732,301,784,336,0.764,18.27,-1.17
213,92,Car,229,313,255,327,0.656,0.00,0.00
213,94,Car,281,313,304,325,0.645,0.00,0.00
213,95,Car,133,315,171,331,0.527,0.00,0.00
214,1,Car,508,308,531,325,0.501,-6.35,-0.29
214,2,Car,733,302,785,337,0.748,19.50,-0.75
214,92,Car,223,314,250,328,0.661,0.00,0.00
214,94,Car,277,313,300,325,0.628,0.00,0.00
214,95,Car,123,314,160,332,0.694,0.00,0.00
215,1,Car,508,307,531,325,0.533,-6.31,-1.72
215,2,Car,734,302,786,337,0.738,19.34,-1.60
215,92,Car,217,314,244,328,0.725,0.00,0.00
215,94,Car,272,312,297,325,0.727,0.00,0.00
215,95,Car,111,314,148,333,0.612,0.00,0.00
216,1,Car,508,307,531,325,0.600,-6.60,-2.71
216,2,Car,735,301,787,336,0.657,21.08,-2.36
216,92,Car,210,313,239,328,0.721,0.00,0.00
216,94,Car,267,312,293,325,0.714,0.00,0.00
216,95,Car,91,313,136,334,0.736,0.00,0.00
217,1,Car,508,307,531,324,0.665,-6.35,-3.11
217,2,Car,736,301,788,336,0.680,19.16,-2.09
217,92,Car,204,313,233,328,0.763,-125.81,1.13
217,94,Car,262,312,289,325,0.679,0.00,0.00
217,95,Car,74,313,125,334,0.758,0.00,0.00
218,1,Car,507,306,530,324,0.629,-7.51,-2.05
218,2,Car,736,300,790,336,0.630,20.25,-1.03
218,92,Car,197,312,227,328,0.766,-136.43,1.13
218,94,Car,257,312,285,326,0.727,0.00,0.00
218,95,Car,60,314,112,335,0.684,0.00,0.00
219,1,Car,508,306,530,324,0.662,-6.50,-1.77
219,2,Car,737,300,790,336,0.550,18.15,-0.52
219,92,Car,190,313,221,329,0.782,-140.24,2.43
219,94,Car,252,312,282,326,0.689,0.00,0.00
219,95,Car,42,313,98,335,0.714,0.00,0.00
220,1,Car,508,307,531,325,0.658,-5.08,-0.58
220,2,Car,737,300,792,336,0.531,21.36,0.08
220,92,Car,182,313,215,330,0.755,-146.29,3.83
220,94,Car,246,312,277,327,0.737,0.00,0.00
220,95,Car,23,314,85,337,0.746,0.00,0.00
221,1,Car,508,306,531,324,0.664,-3.12,-3.11
221,2,Car,739,300,793,336,0.520,23.80,-1.57
221,92,Car,174,312,208,329,0.777,-154.74,2.05
221,94,Car,241,311,272,326,0.720,-108.84,-0.50
221,95,Car,4,313,70,337,0.770,0.00,0.00
222,1,Car,508,306,532,324,0.663,-1.34,-3.55
222,2,Car,739,300,794,336,0.730,24.58,-2.18
222,92,Car,166,312,200,329,0.792,-163.93,1.13
222,94,Car,236,311,267,326,0.664,-113.68,-0.52
222,95,Car,0,313,50,337,0.780,-352.66,4.70
223,1,Car,508,306,532,323,0.650,0.71,-5.40
223,2,Car,741,299,796,336,0.746,26.07,-5.14
223,92,Car,157,312,193,330,0.782,-170.71,-0.49
223,94,Car,229,311,262,327,0.685,-118.50,-0.27
224,1,Car,508,306,533,323,0.643,2.10,-4.87
224,2,Car,742,300,798,336,0.657,28.32,-4.41
224,92,Car,148,312,185,330,0.765,-178.30,0.02
224,94,Car,222,311,256,327,0.729,-124.49,-0.46
225,1,Car,508,306,532,323,0.646,3.06,-3.30
225,2,Car,743,300,799,336,0.577,26.89,-3.36
225,92,Car,138,312,176,331,0.779,-186.48,2.08
225,94,Car,215,311,250,327,0.771,-131.14,1.91
226,1,Car,509,306,532,323,0.650,3.46,-1.86
226,2,Car,744,299,800,336,0.771,29.36,-2.41
226,92,Car,128,312,169,332,0.663,-194.24,4.65
226,94,Car,208,311,244,328,0.747,-139.02,2.92
227,1,Car,509,305,532,322,0.698,4.48,-3.87
227,2,Car,745,298,802,335,0.623,30.06,-4.27
227,92,Car,116,311,159,331,0.807,-206.11,2.48
227,94,Car,201,310,239,328,0.748,-142.22,0.31
228,1,Car,509,305,532,323,0.689,3.69,-4.19
228,2,Car,747,298,803,335,0.693,33.07,-3.69
228,92,Car,105,311,148,331,0.808,-219.17,-0.11
228,94,Car,192,309,230,328,0.769,-154.68,-1.29
229,1,Car,509,305,532,322,0.681,2.80,-6.05
229,2,Car,748,298,804,335,0.672,32.83,-4.90
229,92,Car,92,310,136,331,0.792,-234.41,-2.25
229,94,Car,183,309,222,328,0.787,-164.51,-3.23
230,1,Car,509,304,532,322,0.679,1.57,-5.57
230,2,Car,749,297,806,335,0.716,33.56,-5.62
230,92,Car,77,309,125,332,0.795,-251.60,-0.50
230,94,Car,172,308,214,328,0.785,-175.36,-2.76
231,1,Car,509,304,532,322,0.672,0.93,-5.03
231,2,Car,750,298,808,335,0.706,34.06,-4.16
231,92,Car,62,309,112,332,0.820,-267.11,-1.30
231,94,Car,162,307,205,328,0.790,-188.10,-3.59
231,100,Car,486,306,499,317,0.345,0.00,0.00
232,1,Car,508,305,532,322,0.662,-0.64,-2.66
232,2,Car,751,298,809,336,0.758,33.40,-1.40
232,92,Car,45,309,98,333,0.837,-287.55,0.80
232,94,Car,150,307,196,329,0.776,-201.32,-2.36
232,100,Car,486,307,499,318,0.384,0.00,0.00
233,1,Car,508,306,531,323,0.647,-1.60,-1.20
233,2,Car,752,299,811,337,0.621,31.57,0.36
233,92,Car,27,309,83,334,0.831,-310.53,2.29
233,94,Car,138,308,186,330,0.818,-215.45,0.29
233,100,Car,486,307,499,318,0.319,0.00,0.00
234,1,Car,508,306,531,324,0.635,-1.71,0.74
234,2,Car,752,300,812,337,0.567,31.42,2.10
234,92,Car,7,310,66,337,0.856,-334.83,4.85
234,94,Car,124,309,175,332,0.830,-230.79,2.71
234,100,Car,486,308,499,319,0.307,0.00,0.00
235,1,Car,508,306,531,324,0.630,-2.65,1.05
235,2,Car,753,300,813,338,0.619,29.84,3.01
235,92,Car,0,310,48,337,0.843,-345.81,4.19
235,94,Car,110,309,163,332,0.813,-247.83,2.65
236,1,Car,508,306,531,323,0.635,-3.60,1.06
236,2,Car,755,298,814,337,0.694,29.76,2.81
236,92,Car,0,309,29,336,0.802,-343.56,3.55
236,94,Car,95,308,150,332,0.802,-270.46,3.43
237,1,Car,507,304,530,322,0.658,-4.43,-3.14
237,2,Car,756,297,816,336,0.704,28.86,-1.44
237,94,Car,77,307,136,332,0.772,-289.91,2.74
237,100,Car,486,306,499,317,0.334,0.00,0.00
238,1,Car,507,304,530,322,0.662,-4.43,-2.21
238,2,Car,757,297,817,336,0.753,28.75,-0.23
238,94,Car,59,307,123,332,0.789,-309.51,4.43
238,100,Car,486,307,499,317,0.331,0.00,0.00
239,1,Car,507,304,530,321,0.631,-5.05,-1.45
239,2,Car,757,297,818,336,0.729,26.50,1.20
239,94,Car,39,307,107,334,0.843,-334.96,6.58
239,100,Car,486,307,499,317,0.312,0.00,0.00
240,1,Car,507,305,530,323,0.577,-4.70,1.65
240,2,Car,758,297,819,337,0.727,27.54,2.14
240,94,Car,16,307,89,335,0.826,-363.95,10.34
241,1,Car,507,305,530,323,0.413,-4.67,0.35
241,2,Car,759,297,821,337,0.760,26.81,0.05
241,94,Car,0,308,69,336,0.854,-385.85,9.92
242,1,Car,507,306,529,323,0.443,-4.35,0.71
242,2,Car,760,298,823,338,0.737,27.33,0.55
242,94,Car,0,308,46,336,0.831,-385.80,8.31
243,1,Car,507,306,529,323,0.448,-4.23,-1.64
243,2,Car,760,298,824,338,0.632,28.51,-0.51
244,1,Car,507,306,529,323,0.474,-4.16,-1.08
244,2,Car,761,298,825,339,0.684,28.59,0.12
245,1,Car,506,307,529,324,0.461,-3.81,3.02
245,2,Car,762,300,827,340,0.603,28.18,7.03
246,1,Car,506,307,529,324,0.442,-3.34,8.61
246,2,Car,763,300,828,341,0.655,27.81,12.04
247,1,Car,506,307,528,324,0.338,-3.60,8.76
247,2,Car,765,300,830,341,0.676,29.13,12.41
248,1,Truck,506,307,528,324,0.344,-3.56,8.60
248,2,Car,766,300,831,341,0.746,30.81,11.85
249,1,Car,506,307,528,324,0.328,-3.32,5.14
249,2,Car,767,300,833,342,0.782,30.97,10.13
250,1,Truck,506,307,528,324,0.368,-3.27,4.73
250,2,Car,769,300,835,342,0.774,32.13,11.01
251,1,Car,506,306,528,324,0.410,-4.47,1.54
251,2,Car,769,300,835,342,0.756,31.01,7.51
252,1,Car,506,307,528,324,0.432,-4.17,2.86
252,2,Car,771,300,837,342,0.833,32.70,8.70
253,1,Car,506,307,528,324,0.449,-4.09,2.00
253,2,Car,771,301,839,343,0.807,32.58,8.11
254,1,Car,505,308,527,324,0.522,-3.69,2.13
254,2,Car,772,301,840,343,0.784,32.46,6.01
255,1,Car,505,308,527,324,0.597,-4.13,0.54
255,2,Car,772,300,841,343,0.782,30.59,2.60
256,1,Car,505,308,527,324,0.651,-4.29,0.20
256,2,Car,773,299,842,342,0.717,29.02,-0.10
256,106,Car,483,309,496,319,0.346,0.00,0.00
257,1,Car,505,308,526,324,0.646,-4.08,1.89
257,2,Car,774,299,844,342,0.758,29.68,0.44
257,106,Car,483,309,496,320,0.321,0.00,0.00
258,1,Car,505,308,526,324,0.645,-5.21,1.15
258,2,Car,776,298,846,342,0.764,29.83,-2.66
258,106,Car,483,309,496,319,0.334,0.00,0.00
259,1,Car,505,307,526,324,0.604,-4.30,0.50
259,2,Car,778,298,848,342,0.624,30.83,-3.65
259,109,Car,73,312,116,333,0.597,0.00,0.00
260,1,Car,505,307,526,324,0.621,-3.62,1.55
260,2,Car,778,297,850,342,0.682,32.38,-3.21
260,109,Car,55,312,99,335,0.516,0.00,0.00
260,106,Car,483,308,496,319,0.306,0.00,0.00
261,1,Car,505,307,526,324,0.616,-3.75,0.68
261,2,Car,780,297,852,342,0.773,32.59,-5.01
261,109,Car,34,312,79,335,0.679,0.00,0.00
262,1,Car,505,308,526,325,0.704,-3.91,2.87
262,2,Car,781,298,853,343,0.796,34.10,-3.93
262,109,Car,13,313,55,337,0.698,0.00,0.00
262,106,Car,483,309,497,320,0.371,0.00,0.00
263,1,Car,505,308,526,324,0.670,-3.42,0.74
263,2,Car,783,298,855,343,0.648,35.75,-5.49
263,109,Car,0,314,33,338,0.430,0.00,0.00
263,106,Car,483,309,496,319,0.364,0.00,0.00
264,1,Car,505,308,526,324,0.624,-2.20,-0.23
264,2,Car,784,297,857,343,0.741,38.93,-4.10
265,1,Car,504,307,526,323,0.662,-1.42,-2.85
265,2,Car,785,297,859,342,0.746,40.89,-4.27
265,106,Car,484,307,497,318,0.334,0.00,0.00
266,1,Car,504,307,527,322,0.628,-0.39,-4.50
266,2,Car,787,297,862,343,0.703,42.00,-3.24
267,1,Car,505,307,527,323,0.545,0.79,-1.96
267,2,Truck,788,297,864,343,0.465,42.50,1.00
268,1,Car,505,308,527,324,0.516,1.43,0.89
268,2,Car,790,298,866,344,0.455,41.83,4.30
268,110,Truck,791,298,867,345,0.434,0.00,0.00
269,1,Car,506,309,527,324,0.505,2.55,1.64
269,2,Truck,789,298,868,345,0.523,40.11,5.45
270,1,Car,506,309,527,323,0.517,3.34,1.04
270,2,Car,792,298,870,345,0.502,43.34,5.68
271,1,Car,506,309,527,324,0.437,3.82,0.12
271,2,Car,795,298,873,346,0.672,45.22,5.08
272,1,Car,506,309,527,324,0.476,3.66,0.46
272,2,Car,796,298,875,345,0.732,46.06,3.97
273,1,Car,506,309,528,325,0.409,3.73,1.92
273,2,Car,799,298,877,346,0.823,47.17,6.33
273,112,Car,233,307,264,323,0.606,0.00,0.00
274,1,Car,505,309,527,324,0.389,2.99,4.54
274,2,Car,799,298,878,346,0.804,46.22,8.18
274,112,Car,226,307,259,323,0.582,0.00,0.00
275,1,Car,505,309,528,325,0.361,2.17,5.54
275,2,Car,801,299,881,347,0.813,46.24,9.25
275,112,Car,218,307,254,324,0.596,0.00,0.00
276,1,Car,505,308,528,324,0.466,1.80,2.96
276,2,Car,803,298,883,346,0.825,47.00,5.41
276,112,Car,210,306,250,323,0.594,0.00,0.00
277,1,Car,505,307,527,323,0.453,-0.31,-1.59
277,2,Car,804,297,885,346,0.754,46.41,1.28
277,112,Car,202,306,241,323,0.526,0.00,0.00
278,1,Car,504,308,526,323,0.343,-2.75,-1.95
278,2,Car,805,298,887,347,0.816,47.51,3.07
278,112,Car,193,305,233,323,0.621,0.00,0.00
279,2,Car,805,299,888,348,0.842,42.05,5.16
279,112,Car,183,305,225,324,0.614,0.00,0.00
280,2,Car,806,300,889,350,0.832,39.45,9.10
280,1,Car,503,309,525,325,0.318,-6.21,2.02
281,2,Car,807,301,891,351,0.800,38.15,11.43
281,1,Car,503,309,524,325,0.425,-7.19,1.39
281,112,Car,161,305,206,326,0.483,0.00,0.00
282,2,Car,809,301,894,352,0.582,38.16,11.82
282,1,Car,503,309,524,326,0.515,-7.58,2.03
282,112,Car,150,305,195,327,0.569,0.00,0.00
282,106,Car,482,310,495,320,0.332,0.00,0.00
283,2,Car,810,302,897,353,0.705,40.85,14.16
283,1,Car,503,310,524,326,0.486,-7.71,2.57
283,112,Car,135,305,187,328,0.726,-219.59,4.32
284,2,Car,812,302,898,353,0.695,37.96,11.25
284,1,Car,502,309,524,326,0.493,-7.72,1.63
284,112,Car,120,305,174,328,0.728,-239.62,4.42
284,106,Car,481,310,495,321,0.306,0.00,0.00
285,2,Car,812,301,899,352,0.834,35.70,12.12
285,1,Car,501,308,524,325,0.470,-9.21,-0.80
285,112,Car,103,304,162,328,0.728,-259.89,0.76
285,106,Car,481,310,494,320,0.357,-1.70,0.53
286,2,Car,814,300,901,352,0.863,35.67,12.51
286,1,Car,501,308,523,324,0.457,-10.46,-0.35
286,112,Car,86,303,148,328,0.731,-284.13,0.93
286,106,Car,481,309,494,319,0.358,-1.99,-0.16
287,2,Car,815,300,902,352,0.810,36.22,10.47
287,1,Car,501,309,523,324,0.536,-10.60,2.31
287,112,Car,67,302,134,328,0.500,-302.12,2.10
287,106,Car,481,309,494,319,0.346,-1.87,0.17
288,2,Car,817,302,905,354,0.879,40.25,12.86
288,1,Car,501,310,522,325,0.590,-9.26,6.15
288,112,Car,46,304,117,331,0.595,-327.26,7.70
289,2,Car,818,303,907,355,0.852,41.07,10.46
289,1,Car,501,312,522,326,0.666,-8.04,6.14
289,112,Car,24,304,101,333,0.747,-354.60,9.92
290,2,Car,819,303,909,356,0.783,41.11,9.64
290,1,Car,500,312,521,327,0.636,-8.16,6.30
290,112,Car,3,304,79,334,0.714,-394.07,9.09
291,2,Car,820,301,911,355,0.768,39.70,3.94
291,1,Car,500,312,521,326,0.629,-8.52,4.89
292,2,Car,822,300,914,353,0.800,38.90,-1.67
292,1,Car,499,310,521,325,0.594,-9.39,0.12
293,2,Car,824,298,916,352,0.822,41.93,-5.82
293,1,Car,499,309,521,325,0.546,-9.92,-0.81
294,2,Car,825,297,918,352,0.812,44.47,-6.68
294,1,Car,498,309,521,324,0.530,-8.36,0.24
295,2,Car,827,296,921,351,0.833,46.72,-7.66
295,1,Car,498,308,521,324,0.555,-7.43,-0.29
296,2,Car,829,294,924,350,0.849,49.24,-11.75
296,1,Car,498,307,521,322,0.549,-6.64,-4.58
297,2,Car,831,293,926,349,0.781,48.70,-18.72
297,1,Car,498,307,520,321,0.474,-6.70,-10.96
297,119,Car,480,307,493,318,0.348,0.00,0.00
298,2,Car,833,293,928,349,0.797,49.89,-22.76
298,1,Car,498,307,520,321,0.452,-6.52,-14.47
298,119,Car,480,307,493,318,0.348,0.00,0.00
299,2,Car,835,293,931,350,0.865,52.75,-22.31
299,1,Car,498,307,520,321,0.447,-5.29,-14.65
299,119,Car,480,308,493,318,0.363,0.00,0.00
300,2,Car,837,293,934,351,0.860,54.51,-17.40
300,1,Car,497,307,520,323,0.436,-5.95,-11.85
301,2,Car,839,293,937,351,0.793,55.69,-13.39
301,1,Car,496,307,519,322,0.420,-7.12,-8.87
301,119,Car,481,308,492,318,0.353,0.00,0.00
302,2,Car,840,292,940,350,0.614,56.72,-10.26
302,1,Car,496,306,519,322,0.405,-6.70,-8.00
302,119,Car,480,307,492,317,0.383,0.00,0.00
303,2,Car,842,292,943,350,0.701,56.78,-9.77
303,1,Car,495,305,519,321,0.495,-7.63,-8.61
303,119,Car,480,307,492,317,0.367,0.00,0.00
304,2,Car,844,291,945,349,0.557,57.00,-8.94
304,1,Car,497,305,519,320,0.460,-4.80,-10.33
304,119,Car,480,306,492,316,0.379,0.00,0.00
305,2,Car,846,291,948,350,0.816,57.29,-4.63
305,1,Car,497,305,519,320,0.455,-3.98,-6.37
305,119,Car,480,306,492,316,0.343,0.00,0.00
306,2,Car,848,291,951,350,0.797,59.21,-2.35
306,1,Car,497,304,518,319,0.467,-4.73,-6.79
307,2,Car,850,290,954,350,0.746,59.50,-1.70
307,1,Car,496,304,518,319,0.473,-4.94,-7.34
307,119,Car,480,305,492,315,0.333,0.00,0.00
308,2,Car,852,290,956,350,0.706,58.41,-2.35
308,1,Car,496,304,518,318,0.453,-5.40,-8.24
308,119,Car,480,305,492,315,0.337,-1.55,-6.21
309,2,Car,854,290,959,350,0.614,57.81,-4.77
309,1,Car,497,303,517,318,0.455,-3.47,-11.06
309,119,Car,480,304,492,315,0.315,-1.58,-7.09
310,2,Car,856,289,960,350,0.705,55.18,-7.31
310,1,Car,496,303,517,318,0.474,-3.00,-11.42
310,119,Car,479,304,491,314,0.350,-2.57,-8.34
311,2,Car,858,289,960,351,0.570,51.86,-4.44
311,1,Car,495,303,517,318,0.491,-3.03,-9.85
311,119,Car,479,304,492,314,0.328,-2.48,-9.30
312,2,Car,860,289,960,351,0.650,48.75,-1.21
312,1,Car,495,304,517,318,0.535,-2.75,-6.51
312,119,Car,479,305,491,315,0.338,-3.43,-6.93
313,2,Car,862,289,960,351,0.726,45.10,0.53
313,1,Car,495,304,516,318,0.547,-5.46,-3.88
313,119,Car,479,305,491,315,0.352,-3.59,-5.33
314,2,Car,864,289,960,352,0.752,41.63,-0.31
314,1,Car,495,304,516,318,0.570,-5.78,-3.60
314,119,Car,479,305,491,315,0.392,-3.37,-2.43
315,2,Car,867,290,960,352,0.694,36.74,1.59
315,1,Car,495,305,516,319,0.525,-4.89,1.20
315,119,Car,479,306,491,316,0.336,-2.70,-0.58
316,2,Car,869,290,960,353,0.686,34.28,3.99
316,1,Car,495,305,516,319,0.461,-5.06,2.93
316,119,Car,479,306,491,317,0.372,-3.40,4.42
317,2,Car,871,290,960,353,0.592,31.45,3.19
317,1,Car,494,305,516,320,0.490,-5.47,3.86
317,119,Car,479,306,491,317,0.369,-2.85,5.52
318,2,Car,874,290,960,353,0.644,28.96,4.06
318,1,Car,494,306,515,320,0.500,-5.63,5.39
318,119,Car,479,306,491,317,0.375,-1.82,6.69
318,126,Truck,874,290,960,353,0.546,0.00,0.00
319,2,Car,876,289,959,353,0.717,28.21,4.95
319,1,Car,494,306,515,320,0.468,-5.07,6.55
319,119,Car,479,306,491,317,0.374,-1.28,7.42
320,2,Car,878,288,959,353,0.649,28.22,2.20
320,1,Car,495,305,515,319,0.479,-3.80,4.80
320,119,Car,479,306,491,317,0.354,-1.92,6.00
321,2,Car,881,287,959,353,0.712,28.72,-1.75
321,1,Car,495,305,515,319,0.462,-2.87,2.38
321,119,Car,479,305,491,316,0.361,-0.86,3.63
322,2,Car,883,286,959,353,0.759,28.98,-2.50
322,1,Car,495,305,515,319,0.458,-2.95,2.83
322,119,Car,478,305,491,316,0.391,-0.48,2.79
323,2,Car,886,287,959,353,0.645,29.59,-1.40
323,1,Car,494,305,515,319,0.474,-3.59,2.61
323,119,Car,478,305,491,316,0.384,-0.73,1.49
324,2,Car,888,287,959,354,0.631,29.63,-2.14
324,1,Car,494,305,515,320,0.480,-4.36,1.39
324,119,Car,478,306,491,317,0.401,-1.35,1.22
325,2,Car,891,288,959,355,0.786,29.97,-0.31
325,1,Car,493,306,515,321,0.458,-3.95,3.28
325,119,Car,479,307,491,317,0.359,-0.15,1.01
326,2,Car,893,288,959,356,0.749,30.19,1.02
326,1,Car,493,306,514,321,0.437,-3.87,3.63
327,2,Car,896,288,959,357,0.810,30.15,3.36
327,1,Car,492,306,514,322,0.399,-5.18,3.95
328,2,Car,899,289,959,358,0.670,30.81,6.31
328,1,Car,492,306,514,322,0.390,-5.53,3.39
329,2,Car,901,288,959,358,0.668,30.61,7.51
329,1,Car,491,306,513,321,0.357,-7.27,4.74
330,2,Car,904,288,959,357,0.742,31.60,7.00
330,1,Car,491,306,512,320,0.349,-8.74,4.44
331,2,Car,907,286,959,355,0.525,32.20,2.95
332,2,Car,910,286,959,355,0.558,32.72,1.66
333,2,Truck,912,287,959,355,0.521,33.22,1.25
334,2,Car,915,290,959,355,0.568,33.71,2.84
335,2,Car,919,292,959,357,0.637,34.83,7.36
336,2,Car,921,294,959,357,0.533,34.72,7.92
337,2,Car,925,295,959,357,0.628,35.97,8.57
338,2,Car,928,296,959,357,0.703,37.75,10.01
339,2,Car,931,300,959,358,0.659,37.51,19.33
340,2,Car,934,304,959,358,0.589,37.68,29.64
341,2,Car,937,306,959,359,0.558,38.04,32.65
341,1,Car,491,307,511,321,0.314,-5.02,2.92
342,2,Car,940,306,959,358,0.536,38.83,32.10
342,1,Car,491,307,511,321,0.332,-4.82,2.41
343,2,Car,944,310,959,358,0.602,39.67,31.15
343,1,Car,491,307,511,321,0.310,-4.51,1.47
344,2,Car,948,316,959,358,0.442,41.30,34.14
346,129,Car,82,306,128,331,0.629,0.00,0.00
347,129,Car,66,306,115,332,0.678,0.00,0.00
347,1,Car,491,307,511,321,0.308,-3.67,0.43
348,129,Car,48,307,100,333,0.639,0.00,0.00
348,1,Car,491,307,510,321,0.387,-3.56,-0.08
349,129,Car,30,307,83,334,0.655,0.00,0.00
349,1,Car,491,307,510,321,0.382,-2.99,-0.59
350,129,Car,8,307,65,336,0.710,0.00,0.00
350,1,Car,491,307,510,321,0.467,-2.84,-0.07
351,129,Car,0,306,46,337,0.580,0.00,0.00
351,1,Car,491,307,510,321,0.492,-2.29,0.07
352,129,Car,0,306,25,337,0.671,0.00,0.00
352,1,Car,490,307,510,321,0.488,-2.00,0.18
353,1,Car,490,306,510,320,0.471,-2.06,-2.00
354,1,Car,490,306,509,321,0.484,-2.54,-0.80
355,1,Car,490,306,509,321,0.429,-2.97,-0.03
356,1,Car,490,306,509,321,0.447,-3.85,-0.49
357,1,Car,489,307,508,321,0.373,-5.09,0.32
358,1,Car,489,306,508,321,0.363,-5.74,-0.82
359,1,Car,489,306,508,321,0.395,-5.62,-1.25
360,1,Car,489,306,507,320,0.347,-6.07,-2.11
361,1,Car,489,307,507,320,0.345,-5.16,-0.65
362,1,Car,488,307,507,321,0.375,-6.54,1.46
363,1,Car,488,307,507,321,0.373,-5.83,0.51
364,1,Car,488,307,507,320,0.346,-5.17,0.53
365,1,Car,488,307,507,320,0.370,-4.91,0.11
366,1,Car,488,307,507,320,0.396,-2.53,-0.96
367,1,Car,488,307,507,320,0.422,-2.46,0.94
367,135,Car,235,309,266,324,0.396,0.00,0.00
368,1,Car,489,307,507,320,0.475,-0.91,0.23
368,135,Car,229,309,261,324,0.360,0.00,0.00
369,1,Car,488,307,507,320,0.587,-0.60,0.27
369,135,Car,222,308,254,324,0.356,0.00,0.00
370,1,Car,489,306,507,319,0.511,-0.48,-1.89
370,135,Car,214,308,246,325,0.441,0.00,0.00
371,1,Car,488,307,507,320,0.533,0.44,-1.93
371,135,Car,207,308,240,325,0.541,0.00,0.00
372,1,Car,488,307,507,320,0.579,0.29,-1.51
372,135,Car,199,308,233,326,0.544,0.00,0.00
373,1,Car,488,307,507,320,0.488,0.41,-0.99
373,135,Car,189,308,225,326,0.347,0.00,0.00
374,1,Car,488,307,507,320,0.538,-0.08,-0.22
374,135,Car,179,308,217,327,0.570,0.00,0.00
375,1,Car,488,307,507,320,0.516,-0.37,0.87
375,135,Car,168,308,208,327,0.508,0.00,0.00
376,1,Car,488,307,507,320,0.504,0.06,-0.15
376,135,Car,156,308,200,328,0.528,-202.04,2.90
377,1,Car,489,306,507,319,0.541,-0.15,-2.85
377,135,Car,144,307,190,328,0.369,-216.99,1.48
378,1,Car,489,306,507,319,0.494,0.80,-2.91
378,135,Car,131,306,180,328,0.710,-229.29,2.70
379,1,Car,489,306,507,318,0.496,1.02,-1.73
379,135,Car,117,306,169,329,0.727,-242.27,3.72
380,1,Car,489,306,507,318,0.462,2.21,-2.79
380,135,Car,103,305,158,329,0.751,-259.68,1.80
381,1,Car,489,306,507,319,0.516,2.31,-1.60
381,135,Car,86,306,145,331,0.786,-278.53,4.21
382,1,Car,490,306,508,319,0.553,3.13,-1.22
382,135,Car,68,306,130,332,0.764,-300.21,5.18
383,1,Car,490,307,508,320,0.523,4.02,-0.43
383,135,Car,50,306,115,334,0.812,-319.68,6.88
384,1,Car,490,307,509,320,0.480,4.86,-0.91
384,135,Car,28,306,98,335,0.818,-346.90,8.70
385,1,Car,490,306,509,319,0.524,5.95,-3.21
385,135,Car,6,305,80,335,0.813,-375.01,6.37
386,1,Car,490,306,510,319,0.475,6.13,-0.57
386,135,Car,0,305,59,335,0.789,-382.36,7.78
387,1,Car,491,305,510,319,0.479,6.59,-0.88
387,135,Car,0,304,35,335,0.819,-383.61,6.23
388,1,Car,491,304,510,318,0.425,6.63,-2.12
389,1,Car,492,305,510,318,0.454,6.51,-1.65
390,1,Car,492,305,510,318,0.476,6.85,-2.32
391,1,Car,492,305,510,319,0.406,6.49,-2.92
392,1,Car,492,305,510,319,0.437,6.84,-4.25
393,1,Car,492,305,510,318,0.340,5.77,-5.18
394,1,Car,493,305,510,318,0.420,4.94,-2.17
395,1,Car,493,305,510,319,0.467,4.46,-1.11
395,137,Car,314,307,335,318,0.488,0.00,0.00
396,1,Car,493,305,511,318,0.539,3.38,-0.35
396,137,Car,310,307,333,318,0.501,0.00,0.00
396,138,Car,474,306,493,316,0.385,0.00,0.00
397,1,Car,493,305,511,318,0.552,3.11,1.60
397,138,Car,474,306,493,316,0.381,0.00,0.00
398,1,Car,493,305,511,318,0.558,2.49,1.03
398,138,Car,474,306,493,316,0.394,0.00,0.00
398,137,Car,302,307,326,319,0.394,0.00,0.00
399,1,Car,493,306,511,319,0.554,2.54,1.05
399,138,Car,474,306,493,316,0.444,0.00,0.00
399,137,Car,297,307,321,320,0.502,0.00,0.00
400,1,Car,493,306,511,319,0.498,2.23,0.53
400,138,Car,474,306,493,316,0.403,0.00,0.00
400,137,Car,292,307,317,320,0.542,0.00,0.00
401,1,Car,493,306,511,319,0.511,1.54,0.71
401,138,Car,474,307,493,316,0.399,0.00,0.00
401,137,Car,288,308,312,320,0.573,0.00,0.00
401,139,Car,321,309,339,318,0.480,0.00,0.00
402,1,Car,493,306,511,319,0.456,1.29,2.35
402,138,Car,475,307,494,317,0.395,0.00,0.00
402,137,Car,283,309,308,321,0.652,0.00,0.00
402,139,Car,320,310,339,319,0.487,0.00,0.00
403,1,Car,492,306,511,319,0.501,1.15,1.55
403,138,Car,475,307,494,317,0.386,0.00,0.00
403,137,Car,277,309,304,321,0.666,0.00,0.00
403,139,Car,319,309,337,319,0.379,0.00,0.00
404,1,Car,493,306,511,319,0.472,1.02,1.36
404,138,Car,476,307,494,317,0.316,0.00,0.00
404,137,Car,271,309,299,322,0.581,0.00,0.00
405,1,Car,493,306,511,319,0.484,1.11,1.60
405,138,Car,477,307,494,317,0.329,4.48,2.41
405,137,Car,265,309,294,323,0.526,-112.90,8.32
405,139,Car,314,310,332,320,0.411,0.00,0.00
406,1,Car,493,306,512,319,0.448,1.52,1.29
406,138,Car,478,307,494,317,0.303,5.70,3.08
406,137,Car,258,309,289,323,0.568,-120.46,8.69
406,139,Car,312,310,332,320,0.464,0.00,0.00
407,1,Car,493,306,512,319,0.503,1.75,1.29
407,138,Car,477,307,494,317,0.331,5.87,3.01
407,137,Car,251,309,286,323,0.495,-126.25,8.46
407,139,Car,310,310,332,320,0.418,0.00,0.00
408,1,Car,493,306,512,319,0.509,1.92,0.89
408,138,Car,478,307,495,317,0.324,6.44,1.31
408,137,Car,243,310,279,324,0.563,-133.60,8.79
408,139,Car,307,310,326,320,0.367,0.00,0.00
409,1,Car,493,306,513,319,0.464,2.80,1.14
409,137,Car,235,310,271,325,0.567,-143.39,10.77
409,139,Car,305,310,322,320,0.402,0.00,0.00
410,1,Car,494,305,513,318,0.561,4.47,-0.82
410,137,Car,227,310,264,325,0.628,-151.84,9.87
410,139,Car,303,310,319,320,0.378,0.00,0.00
410,138,Car,479,307,495,316,0.306,7.26,-0.21
411,1,Car,494,305,514,318,0.589,6.65,-3.09
411,137,Car,218,309,256,325,0.705,-162.44,5.53
411,139,Car,300,310,317,320,0.301,-52.89,2.62
412,1,Car,494,304,515,317,0.570,7.03,-5.02
412,137,Car,208,308,248,325,0.728,-173.64,3.97
412,139,Car,298,309,315,319,0.325,-57.13,-1.28
413,1,Car,494,303,515,317,0.606,7.69,-6.40
413,137,Car,197,308,239,325,0.728,-185.69,1.79
413,139,Car,295,309,313,319,0.340,-59.58,-1.70
413,140,Car,638,288,652,302,0.458,0.00,0.00
413,138,Car,480,304,496,314,0.307,8.42,-5.10
414,1,Car,494,303,515,317,0.616,7.46,-6.24
414,137,Car,185,308,231,326,0.694,-198.04,3.11
414,140,Car,640,288,653,301,0.402,0.00,0.00
414,138,Car,480,304,496,314,0.333,7.52,-6.48
415,1,Car,495,303,515,317,0.624,6.77,-5.91
415,137,Car,172,308,220,327,0.715,-214.89,3.99
415,138,Car,480,304,497,314,0.303,7.65,-5.82
416,1,Car,495,304,515,318,0.526,6.96,-3.82
416,137,Car,157,309,209,329,0.632,-237.44,6.79
416,139,Car,286,310,307,320,0.380,-59.10,0.58
416,140,Car,644,289,657,302,0.310,0.00,0.00
417,1,Car,495,305,515,318,0.441,6.85,-2.99
417,137,Car,142,309,197,330,0.681,-255.13,8.27
417,139,Car,283,310,305,321,0.371,-63.39,1.30
417,140,Car,645,289,659,302,0.397,0.00,0.00
418,1,Car,496,306,515,318,0.366,6.32,-1.59
418,137,Car,124,309,183,331,0.713,-275.82,7.48
419,1,Car,496,306,515,318,0.366,4.65,1.22
419,137,Car,103,310,166,333,0.577,-306.67,10.90
419,139,Car,276,310,297,322,0.319,-71.13,2.58
420,1,Car,496,306,515,318,0.419,3.12,2.56
420,137,Car,81,310,149,333,0.608,-338.45,13.18
421,1,Car,496,306,515,318,0.468,3.10,5.30
421,137,Car,56,310,130,335,0.735,-374.74,16.78
422,1,Car,496,306,515,318,0.397,2.33,4.93
422,137,Car,28,309,109,335,0.765,-415.79,17.00
422,139,Car,265,310,287,322,0.388,-73.32,1.56
423,1,Car,496,305,515,318,0.467,1.48,4.20
423,137,Car,4,308,83,336,0.780,-455.47,14.20
423,139,Car,260,310,282,322,0.429,-75.71,0.80
424,1,Car,496,305,514,318,0.531,0.69,3.42
424,137,Car,0,308,56,335,0.700,-468.24,12.01
424,139,Car,255,310,278,322,0.500,-79.02,1.61
425,1,Car,496,305,514,318,0.415,0.90,2.33
425,139,Car,251,310,274,323,0.447,-83.21,2.74
426,1,Car,496,306,514,318,0.386,0.53,1.68
426,139,Car,246,310,269,323,0.344,-87.41,4.81
427,1,Car,496,306,514,319,0.380,0.08,0.81
428,1,Car,496,306,514,318,0.476,-0.30,-0.21
429,1,Car,496,306,514,318,0.372,-1.32,-0.85
431,139,Car,216,310,244,324,0.537,-103.06,4.35
431,1,Car,496,305,513,318,0.302,-2.43,-1.68
432,139,Car,209,310,238,324,0.366,-114.42,2.64
432,1,Car,496,305,513,318,0.328,-2.68,-1.01
433,139,Car,202,310,232,324,0.517,-121.12,2.35
433,1,Car,495,305,513,318,0.382,-2.32,-0.18
433,144,Car,280,310,301,321,0.532,0.00,0.00
434,139,Car,194,310,225,324,0.487,-128.62,0.87
434,1,Car,495,305,514,318,0.394,-1.38,-0.11
434,144,Car,276,310,297,321,0.516,0.00,0.00
435,139,Car,186,310,218,324,0.528,-141.88,1.78
435,1,Car,495,305,513,318,0.481,-2.03,-1.06
435,144,Car,269,310,292,321,0.431,0.00,0.00
436,139,Car,177,310,210,325,0.448,-149.04,3.01
436,1,Car,495,305,513,318,0.438,-2.46,-1.09
436,144,Car,264,310,288,321,0.573,0.00,0.00
437,139,Car,168,309,203,325,0.509,-156.76,2.11
437,1,Car,495,305,513,317,0.529,-2.95,-2.54
437,144,Car,258,309,283,321,0.442,0.00,0.00
438,139,Car,158,308,195,326,0.621,-164.99,1.48
438,1,Car,495,305,513,317,0.560,-2.88,-2.52
438,144,Car,252,309,278,321,0.597,0.00,0.00
439,139,Car,148,308,186,326,0.688,-173.69,0.95
439,1,Car,495,305,513,317,0.562,-2.30,-1.91
439,144,Car,246,309,274,322,0.531,0.00,0.00
440,139,Car,137,308,177,326,0.706,-202.09,1.50
440,1,Car,495,304,513,317,0.526,-1.78,-2.53
440,144,Car,240,308,267,322,0.673,0.00,0.00
441,139,Car,125,307,168,326,0.717,-214.14,-0.41
441,1,Car,495,303,513,316,0.563,-1.27,-5.00
441,144,Car,232,306,261,321,0.739,0.00,0.00
442,139,Car,114,307,158,327,0.660,-225.06,-0.51
442,1,Car,495,304,514,316,0.542,-0.39,-4.25
442,144,Car,225,307,255,322,0.706,-141.02,-3.29
443,139,Car,100,307,146,327,0.740,-239.52,0.25
443,1,Car,495,304,514,316,0.521,-0.68,-3.85
443,144,Car,217,307,249,322,0.720,-148.75,-2.24
444,139,Car,86,306,133,328,0.763,-256.52,0.00
444,1,Car,495,304,514,316,0.501,-0.50,-3.22
444,144,Car,208,307,243,322,0.664,-153.20,-2.19
445,139,Car,70,307,121,329,0.799,-272.31,1.16
445,1,Car,495,305,513,317,0.481,-0.47,-1.49
445,144,Car,199,307,235,323,0.597,-164.30,-0.14
446,139,Car,53,307,106,330,0.818,-293.48,4.82
446,1,Car,495,306,513,318,0.402,-0.11,2.30
446,144,Car,189,309,226,324,0.618,-175.57,4.41
447,139,Car,35,307,90,331,0.825,-315.99,5.91
447,1,Car,495,306,514,318,0.463,0.62,2.17
447,144,Car,179,309,217,325,0.667,-185.92,5.21
448,139,Car,15,306,74,331,0.823,-341.45,4.41
448,1,Car,495,305,513,317,0.506,-0.49,-0.62
448,144,Car,168,308,208,324,0.671,-200.44,3.24
449,139,Car,0,306,57,332,0.853,-356.50,4.38
449,1,Car,495,304,514,316,0.439,1.18,-2.37
449,144,Car,156,307,198,324,0.676,-212.79,3.07
450,139,Car,0,306,38,332,0.792,-354.72,6.18
450,1,Car,495,303,513,315,0.458,0.01,-0.96
450,144,Car,142,306,188,325,0.724,-227.25,4.73
450,145,Car,483,304,496,314,0.381,0.00,0.00
450,146,Car,721,280,740,299,0.457,0.00,0.00
451,1,Car,495,304,513,316,0.437,0.13,-0.95
451,144,Car,129,306,176,325,0.769,-242.40,3.19
452,1,Car,496,304,513,316,0.412,0.32,0.02
452,144,Car,114,306,162,327,0.746,-263.45,5.46
453,1,Car,496,304,513,316,0.406,1.14,-1.09
453,144,Car,97,305,149,327,0.750,-285.48,4.49
454,1,Car,496,304,513,316,0.396,1.95,-3.58
454,144,Car,79,304,134,327,0.793,-306.84,1.36
455,1,Car,496,303,514,315,0.329,2.78,-7.45
455,144,Car,58,304,118,328,0.752,-332.24,-2.07
456,1,Car,496,304,514,316,0.346,2.84,-6.80
456,144,Car,36,303,101,329,0.757,-360.25,-2.80
457,1,Car,496,305,514,316,0.303,4.34,-0.80
457,144,Car,12,304,81,331,0.813,-391.15,3.69
458,1,Car,496,307,514,318,0.394,2.20,6.30
458,144,Car,0,305,59,333,0.814,-409.24,8.71
459,1,Car,496,307,513,318,0.474,2.13,9.35
459,144,Car,0,305,33,333,0.693,-412.51,10.46
460,1,Car,497,306,513,317,0.430,1.34,6.05
461,1,Car,497,306,513,317,0.418,1.59,4.23
474,148,Car,512,308,523,320,0.370,0.00,0.00
475,148,Car,512,308,523,320,0.411,0.00,0.00
476,148,Car,512,308,523,320,0.397,0.00,0.00
477,148,Car,512,309,524,319,0.447,0.00,0.00
477,1,Car,497,309,514,319,0.337,0.68,4.29
478,148,Car,512,309,524,320,0.394,0.00,0.00
479,148,Car,512,309,524,319,0.407,0.00,0.00
480,148,Car,512,308,524,319,0.434,0.00,0.00
481,148,Car,512,308,524,318,0.376,0.00,0.00
482,148,Car,512,308,524,319,0.429,0.00,0.00
482,1,Car,498,308,514,319,0.314,1.04,3.56
483,148,Car,512,309,524,319,0.371,1.37,-0.29
483,1,Car,498,309,515,319,0.320,1.47,4.11
484,148,Car,512,309,524,319,0.383,1.14,0.17
485,148,Car,512,308,524,318,0.357,1.51,-2.58
486,148,Car,513,306,524,316,0.363,1.43,-7.76
486,1,Car,499,306,515,317,0.379,1.39,1.64
487,148,Car,513,306,524,316,0.417,1.15,-9.02
487,1,Car,499,306,515,317,0.369,1.19,0.64
488,148,Car,513,305,524,316,0.432,1.04,-9.98
489,148,Car,513,306,525,317,0.453,1.62,-6.38
490,148,Car,513,307,525,317,0.409,2.43,-4.20
490,1,Car,499,308,515,317,0.404,1.42,0.20
491,148,Car,513,307,525,317,0.357,2.57,-4.66
491,1,Car,499,307,516,318,0.450,1.93,-0.05
492,148,Car,513,307,525,317,0.353,2.36,-6.23
492,1,Car,499,307,516,318,0.461,1.93,0.66
493,148,Car,513,306,525,316,0.455,3.12,-8.37
493,1,Car,499,306,515,317,0.376,1.71,0.14
493,153,Car,179,310,206,324,0.610,0.00,0.00
494,148,Car,513,306,526,317,0.529,3.90,-4.63
494,1,Car,499,307,515,317,0.327,2.72,-2.90
494,153,Car,171,311,200,325,0.562,0.00,0.00
495,148,Car,513,306,526,317,0.479,2.83,0.81
495,153,Car,163,311,194,326,0.632,0.00,0.00
496,148,Car,513,306,526,317,0.484,3.62,1.11
496,153,Car,155,311,187,326,0.667,0.00,0.00
497,148,Car,514,306,527,317,0.492,4.58,3.14
497,153,Car,146,312,180,327,0.637,0.00,0.00
497,1,Car,499,307,516,317,0.310,2.67,-2.94
498,148,Car,514,306,527,317,0.398,5.82,0.15
498,153,Car,137,312,171,328,0.708,0.00,0.00
499,148,Car,515,306,527,317,0.368,6.79,-0.75
499,153,Car,126,312,160,329,0.694,0.00,0.00
500,148,Car,515,306,528,317,0.347,7.35,-0.66
500,153,Car,115,313,153,329,0.580,0.00,0.00
500,1,Car,500,307,517,317,0.318,2.23,-3.01
501,148,Car,515,307,528,317,0.441,7.38,0.27
501,153,Car,104,313,144,330,0.581,0.00,0.00
502,148,Car,515,307,527,317,0.482,4.72,3.30
502,153,Car,90,313,130,331,0.689,-229.04,13.30
503,148,Car,515,307,528,318,0.524,5.25,3.17
503,153,Car,78,313,120,332,0.721,-240.29,12.73
504,148,Car,514,308,528,318,0.560,4.03,3.72
504,153,Car,64,313,109,333,0.781,-255.36,13.16
505,148,Car,513,308,527,318,0.496,1.17,3.97
505,153,Car,46,313,93,334,0.768,-281.02,14.30
506,148,Car,513,308,526,318,0.472,-2.55,3.62
506,153,Car,30,314,78,335,0.741,-302.57,14.28
507,148,Car,512,308,525,318,0.403,-6.42,3.81
507,153,Car,11,314,62,336,0.825,-325.94,14.34
508,148,Car,512,308,525,318,0.413,-7.59,5.22
508,153,Car,0,314,47,336,0.644,-333.07,12.38
509,153,Car,0,315,29,337,0.633,-333.67,13.51
511,148,Car,511,310,526,320,0.491,-7.24,7.75
537,176,Car,490,307,507,318,0.701,0.00,0.00
538,176,Car,489,307,507,318,0.665,0.00,0.00
539,176,Car,489,307,506,318,0.678,0.00,0.00
540,176,Car,489,306,506,317,0.679,0.00,0.00
540,177,Car,143,311,175,329,0.657,0.00,0.00
541,176,Car,488,306,506,317,0.663,0.00,0.00
541,177,Car,134,312,168,330,0.636,0.00,0.00
542,176,Car,488,305,506,316,0.657,0.00,0.00
542,177,Car,123,311,158,329,0.750,0.00,0.00
542,178,Car,7,317,61,337,0.791,0.00,0.00
543,176,Car,488,304,506,316,0.593,0.00,0.00
543,177,Car,111,311,149,329,0.746,0.00,0.00
543,178,Car,0,317,46,337,0.725,0.00,0.00
543,180,Car,230,310,268,323,0.437,0.00,0.00
544,176,Car,488,304,506,316,0.584,0.00,0.00
544,177,Car,99,311,139,330,0.782,0.00,0.00
544,180,Car,224,310,264,323,0.331,0.00,0.00
545,176,Car,487,304,506,315,0.551,0.00,0.00
545,177,Car,88,311,129,330,0.766,0.00,0.00
546,176,Car,487,305,505,316,0.575,-7.81,-5.12
546,177,Car,75,312,118,332,0.776,0.00,0.00
546,180,Car,210,310,254,324,0.321,0.00,0.00
547,176,Car,486,303,504,315,0.544,-7.71,-9.51
547,177,Car,63,310,106,330,0.486,0.00,0.00
547,180,Car,203,308,249,323,0.438,0.00,0.00
548,176,Car,486,303,502,315,0.588,-10.09,-9.40
548,177,Car,50,310,94,330,0.538,0.00,0.00
548,180,Car,195,308,246,323,0.325,0.00,0.00
549,176,Car,486,303,501,314,0.546,-10.27,-9.67
549,177,Car,33,310,80,331,0.794,-282.94,1.24
550,176,Car,485,303,500,314,0.518,-11.96,-9.82
550,177,Car,16,310,67,332,0.740,-304.11,0.72
551,176,Car,485,303,500,314,0.438,-13.20,-6.44
551,177,Car,3,310,52,332,0.696,-313.65,2.04
552,176,Car,485,303,499,314,0.514,-13.15,-4.45
552,177,Car,0,308,37,332,0.741,-310.89,-0.34
552,187,Car,159,310,195,324,0.546,0.00,0.00
552,180,Car,193,307,223,322,0.464,0.00,0.00
553,176,Car,484,304,499,315,0.582,-14.28,-0.94
553,177,Car,0,309,19,332,0.720,-305.13,-0.07
553,187,Car,149,310,186,325,0.420,0.00,0.00
553,180,Car,189,308,219,323,0.491,0.00,0.00
554,176,Car,484,305,498,316,0.632,-15.38,3.15
554,187,Car,138,311,176,326,0.428,0.00,0.00
554,180,Car,184,309,214,323,0.306,0.00,0.00
555,176,Car,483,305,498,316,0.642,-14.03,0.52
555,187,Car,125,311,168,327,0.560,0.00,0.00
555,180,Car,177,311,207,324,0.310,0.00,0.00
556,176,Car,483,304,498,316,0.648,-13.65,2.52
556,187,Car,113,310,156,326,0.565,0.00,0.00
556,180,Car,168,310,199,323,0.481,-125.98,0.25
557,176,Car,483,304,498,316,0.657,-10.18,2.21
557,180,Car,161,310,191,323,0.524,-131.09,-0.65
558,176,Car,482,303,498,314,0.543,-9.86,0.56
558,180,Car,152,309,183,322,0.533,-134.31,-3.32
558,187,Car,86,308,130,325,0.396,0.00,0.00
559,176,Car,482,303,498,314,0.505,-7.92,0.11
559,180,Car,143,308,176,322,0.603,-138.63,-1.58
559,187,Car,70,307,116,325,0.475,0.00,0.00
560,176,Car,482,304,497,314,0.492,-7.49,0.77
560,180,Car,133,308,168,322,0.673,-145.61,-1.29
560,187,Car,51,307,102,326,0.727,0.00,0.00
561,176,Car,482,304,497,314,0.521,-7.35,1.95
561,180,Car,122,308,159,323,0.673,-188.22,2.13
561,187,Car,34,307,87,327,0.682,0.00,0.00
562,176,Car,482,304,497,314,0.444,-5.75,-0.72
562,180,Car,112,308,149,324,0.635,-205.13,2.31
562,187,Car,13,308,73,328,0.715,-335.18,3.00
563,176,Car,481,304,497,314,0.511,-5.10,-4.62
563,180,Car,101,308,142,323,0.622,-214.42,-1.63
564,176,Car,481,304,497,314,0.480,-4.46,-4.80
564,180,Car,89,308,130,324,0.642,-228.28,-4.16
564,187,Car,0,308,34,327,0.527,-342.83,0.13
565,176,Car,481,304,496,314,0.404,-4.94,-3.74
565,180,Car,75,307,118,324,0.642,-241.76,-2.36
566,176,Car,481,303,496,313,0.317,-4.85,-3.78
566,180,Car,61,307,106,324,0.579,-258.13,-1.58
567,180,Car,46,308,92,325,0.686,-274.68,2.60
568,180,Car,29,308,79,327,0.673,-292.89,6.99
568,176,Car,481,304,495,314,0.364,-5.28,0.63
569,180,Car,14,309,64,327,0.530,-309.80,8.42
570,180,Car,0,309,49,328,0.652,-322.26,9.35
571,180,Car,0,310,31,328,0.588,-319.85,8.50
572,176,Car,480,303,494,314,0.432,-4.94,-0.02
573,176,Car,481,303,494,314,0.344,-4.42,-0.07
574,176,Car,480,304,494,314,0.384,-4.84,0.51
575,176,Car,480,305,494,315,0.442,-4.91,1.24
576,176,Car,480,304,493,314,0.314,-5.45,0.60
578,176,Car,479,303,493,314,0.319,-5.46,-0.21
584,176,Car,477,306,492,316,0.366,-5.81,2.76
585,176,Car,477,306,491,316,0.433,-5.78,3.43
586,176,Car,477,306,491,316,0.389,-5.40,2.87
587,176,Car,477,306,491,316,0.346,-5.73,4.24
589,176,Car,477,306,491,316,0.347,-5.15,4.02
590,176,Car,477,307,491,317,0.475,-4.71,3.50
591,176,Car,476,307,491,317,0.378,-4.68,3.94
604,191,Car,254,306,288,319,0.530,0.00,0.00
605,191,Car,249,306,284,319,0.445,0.00,0.00
608,191,Car,226,309,261,324,0.508,0.00,0.00
609,196,Car,318,307,348,320,0.384,0.00,0.00
609,191,Car,217,308,254,324,0.416,0.00,0.00
610,191,Car,210,307,247,323,0.478,0.00,0.00
611,191,Car,201,308,240,324,0.555,0.00,0.00
611,196,Car,309,306,349,320,0.359,0.00,0.00
612,191,Car,192,307,237,324,0.567,0.00,0.00
613,191,Car,182,306,234,325,0.549,0.00,0.00
614,191,Car,171,306,225,326,0.558,0.00,0.00
614,197,Car,293,308,317,321,0.490,0.00,0.00
615,191,Car,160,306,215,326,0.768,-189.80,9.27
615,197,Car,288,307,314,321,0.650,0.00,0.00
616,191,Car,148,305,206,326,0.712,-203.33,7.41
616,197,Car,281,306,311,321,0.661,0.00,0.00
617,191,Car,135,305,197,326,0.474,-214.62,-1.12
617,197,Car,274,307,308,321,0.591,0.00,0.00
618,191,Car,122,306,177,328,0.515,-237.78,1.28
618,197,Car,267,307,302,322,0.558,0.00,0.00
619,191,Car,109,305,160,328,0.604,-260.25,3.80
619,197,Car,259,307,294,322,0.645,0.00,0.00
620,191,Car,89,304,145,329,0.652,-287.56,2.01
620,197,Car,250,306,286,322,0.676,0.00,0.00
620,199,Car,143,310,173,326,0.694,0.00,0.00
621,191,Car,70,305,131,329,0.645,-315.69,4.36
621,197,Car,242,306,280,323,0.704,0.00,0.00
621,199,Car,130,310,165,326,0.748,0.00,0.00
622,191,Car,72,305,116,329,0.465,-316.71,3.00
622,197,Car,232,305,272,323,0.680,0.00,0.00
622,199,Car,117,310,154,326,0.743,0.00,0.00
623,191,Car,33,302,99,329,0.713,-366.40,-0.82
623,197,Car,222,304,263,321,0.660,-174.60,-5.80
623,199,Car,103,308,141,326,0.713,0.00,0.00
624,191,Car,11,301,79,329,0.737,-395.37,-3.15
624,197,Car,210,304,256,321,0.700,-189.09,-5.18
624,199,Car,88,308,130,326,0.708,0.00,0.00
625,191,Car,0,300,57,329,0.507,-412.83,-3.73
625,197,Car,197,304,244,321,0.708,-209.21,-3.12
625,199,Car,73,307,119,326,0.714,0.00,0.00
626,191,Car,0,299,34,329,0.749,-415.29,-5.76
626,197,Car,183,304,234,322,0.685,-229.14,-2.55
626,199,Car,57,307,105,327,0.757,0.00,0.00
627,197,Car,169,303,222,323,0.742,-246.37,-3.21
627,199,Car,41,308,91,329,0.761,0.00,0.00
627,205,Car,262,306,293,318,0.365,0.00,0.00
628,197,Car,152,304,208,325,0.739,-267.82,0.03
628,199,Car,23,308,76,331,0.779,0.00,0.00
628,206,Car,500,303,512,313,0.368,0.00,0.00
628,207,Car,481,304,490,313,0.374,0.00,0.00
629,197,Car,134,304,196,326,0.700,-286.64,2.95
629,199,Car,5,309,60,332,0.791,-348.93,6.88
629,206,Car,500,304,512,314,0.313,0.00,0.00
629,207,Car,481,305,489,314,0.375,0.00,0.00
630,197,Car,112,304,179,328,0.774,-318.95,5.49
630,199,Car,0,309,42,332,0.738,-352.32,6.13
630,207,Car,479,305,489,315,0.391,0.00,0.00
631,197,Car,88,305,160,330,0.785,-354.20,9.61
631,199,Car,0,311,22,332,0.789,-347.08,9.37
631,207,Car,478,306,489,316,0.336,0.00,0.00
632,197,Car,61,305,139,331,0.815,-395.38,15.20
633,197,Car,31,304,115,332,0.814,-444.04,14.33
634,197,Car,5,303,88,332,0.812,-483.47,13.15
635,197,Car,0,301,57,331,0.785,-501.63,8.85
635,210,Car,196,308,235,321,0.572,0.00,0.00
636,210,Car,185,308,228,322,0.600,0.00,0.00
637,210,Car,172,307,215,321,0.559,0.00,0.00
638,210,Car,159,308,205,321,0.682,0.00,0.00
639,210,Car,145,308,192,322,0.631,0.00,0.00
640,210,Car,128,307,178,323,0.652,0.00,0.00
640,207,Car,471,306,482,315,0.388,0.00,0.00
641,210,Car,110,307,163,325,0.713,0.00,0.00
641,207,Car,471,306,481,315,0.340,0.00,0.00
642,210,Car,91,307,154,325,0.696,0.00,0.00
642,207,Car,471,306,480,315,0.408,0.00,0.00
643,210,Car,69,307,134,326,0.770,0.00,0.00
643,207,Car,470,305,479,314,0.400,0.00,0.00
644,210,Car,45,306,114,326,0.755,-376.83,4.27
644,207,Car,470,304,478,313,0.422,0.00,0.00
645,210,Car,19,306,93,328,0.769,-418.34,7.01
645,207,Car,469,305,477,314,0.334,-17.57,0.69
646,210,Car,0,307,69,330,0.764,-442.34,11.94
646,207,Car,468,305,477,314,0.313,-18.44,0.19
647,207,Car,467,306,476,315,0.374,-18.17,1.13
661,207,Car,457,306,466,316,0.336,-18.20,0.01
676,222,Car,466,307,480,317,0.457,0.00,0.00
677,222,Car,465,307,479,317,0.483,0.00,0.00
678,222,Car,464,308,477,318,0.402,0.00,0.00
679,222,Car,464,307,476,318,0.310,0.00,0.00
